year,state,county,commodity,value
2022,FLORIDA,MARTIN,CUT CHRISTMAS TREES,5
2022,COLORADO,ADAMS,CUT CHRISTMAS TREES,6
2022,OKLAHOMA,OKFUSKEE,CUT CHRISTMAS TREES,6
2022,WEST VIRGINIA,JACKSON,CUT CHRISTMAS TREES,6
2022,NEW MEXICO,RIO ARRIBA,CUT CHRISTMAS TREES,7
2022,KENTUCKY,SPENCER,CUT CHRISTMAS TREES,9
2022,TEXAS,WHARTON,CUT CHRISTMAS TREES,9
2022,MISSOURI,CEDAR,CUT CHRISTMAS TREES,12
2022,NORTH CAROLINA,DURHAM,CUT CHRISTMAS TREES,12
2022,ILLINOIS,LIVINGSTON,CUT CHRISTMAS TREES,15
2022,WEST VIRGINIA,CABELL,CUT CHRISTMAS TREES,15
2022,CALIFORNIA,TULARE,CUT CHRISTMAS TREES,18
2022,FLORIDA,PINELLAS,CUT CHRISTMAS TREES,20
2022,GEORGIA,CHATTOOGA,CUT CHRISTMAS TREES,20
2022,MISSISSIPPI,TIPPAH,CUT CHRISTMAS TREES,20
2022,KANSAS,BROWN,CUT CHRISTMAS TREES,24
2022,KENTUCKY,MARSHALL,CUT CHRISTMAS TREES,24
2022,TEXAS,HILL,CUT CHRISTMAS TREES,24
2022,TEXAS,HARDIN,CUT CHRISTMAS TREES,25
2022,ALABAMA,SAINT CLAIR,CUT CHRISTMAS TREES,30
2022,KENTUCKY,KENTON,CUT CHRISTMAS TREES,30
2022,SOUTH CAROLINA,SPARTANBURG,CUT CHRISTMAS TREES,30
2022,VIRGINIA,CAMPBELL,CUT CHRISTMAS TREES,30
2022,WYOMING,LINCOLN,CUT CHRISTMAS TREES,30
2022,NEW MEXICO,TAOS,CUT CHRISTMAS TREES,34
2022,IOWA,SIOUX,CUT CHRISTMAS TREES,36
2022,MICHIGAN,CRAWFORD,CUT CHRISTMAS TREES,40
2022,TEXAS,SAN JACINTO,CUT CHRISTMAS TREES,40
2022,ALABAMA,ETOWAH,CUT CHRISTMAS TREES,45
2022,WASHINGTON,OKANOGAN,CUT CHRISTMAS TREES,45
2022,UTAH,SANPETE,CUT CHRISTMAS TREES,46
2022,GEORGIA,COWETA,CUT CHRISTMAS TREES,48
2022,WASHINGTON,JEFFERSON,CUT CHRISTMAS TREES,48
2022,KENTUCKY,GRANT,CUT CHRISTMAS TREES,52
2022,MARYLAND,WORCESTER,CUT CHRISTMAS TREES,53
2022,OHIO,MORGAN,CUT CHRISTMAS TREES,58
2022,KENTUCKY,CALDWELL,CUT CHRISTMAS TREES,60
2022,KENTUCKY,PENDLETON,CUT CHRISTMAS TREES,60
2022,COLORADO,PARK,CUT CHRISTMAS TREES,65
2022,MINNESOTA,STEARNS,CUT CHRISTMAS TREES,65
2022,COLORADO,ELBERT,CUT CHRISTMAS TREES,70
2022,MINNESOTA,CASS,CUT CHRISTMAS TREES,74
2022,GEORGIA,MURRAY,CUT CHRISTMAS TREES,75
2022,UTAH,WASATCH,CUT CHRISTMAS TREES,75
2022,FLORIDA,BROWARD,CUT CHRISTMAS TREES,76
2022,KENTUCKY,MAGOFFIN,CUT CHRISTMAS TREES,80
2022,MICHIGAN,KEWEENAW,CUT CHRISTMAS TREES,80
2022,OHIO,GUERNSEY,CUT CHRISTMAS TREES,82
2022,MISSISSIPPI,WALTHALL,CUT CHRISTMAS TREES,88
2022,KANSAS,FRANKLIN,CUT CHRISTMAS TREES,89
2022,MINNESOTA,HENNEPIN,CUT CHRISTMAS TREES,90
2022,NEBRASKA,CASS,CUT CHRISTMAS TREES,90
2022,NEBRASKA,KNOX,CUT CHRISTMAS TREES,90
2022,PENNSYLVANIA,ELK,CUT CHRISTMAS TREES,90
2022,SOUTH CAROLINA,CHESTER,CUT CHRISTMAS TREES,90
2022,KENTUCKY,HARRISON,CUT CHRISTMAS TREES,96
2022,MISSOURI,CALLAWAY,CUT CHRISTMAS TREES,96
2022,NORTH CAROLINA,ORANGE,CUT CHRISTMAS TREES,100
2022,WEST VIRGINIA,HARDY,CUT CHRISTMAS TREES,100
2022,IDAHO,BONNEVILLE,CUT CHRISTMAS TREES,108
2022,KENTUCKY,JOHNSON,CUT CHRISTMAS TREES,108
2022,NEW YORK,JEFFERSON,CUT CHRISTMAS TREES,112
2022,OKLAHOMA,CADDO,CUT CHRISTMAS TREES,115
2022,GEORGIA,COBB,CUT CHRISTMAS TREES,120
2022,GEORGIA,JACKSON,CUT CHRISTMAS TREES,120
2022,INDIANA,LAKE,CUT CHRISTMAS TREES,120
2022,NORTH CAROLINA,MACON,CUT CHRISTMAS TREES,122
2022,OHIO,SENECA,CUT CHRISTMAS TREES,128
2022,INDIANA,MONTGOMERY,CUT CHRISTMAS TREES,130
2022,MINNESOTA,DODGE,CUT CHRISTMAS TREES,130
2022,MINNESOTA,WINONA,CUT CHRISTMAS TREES,132
2022,MARYLAND,ALLEGANY,CUT CHRISTMAS TREES,138
2022,FLORIDA,OKALOOSA,CUT CHRISTMAS TREES,140
2022,MONTANA,GALLATIN,CUT CHRISTMAS TREES,145
2022,FLORIDA,MADISON,CUT CHRISTMAS TREES,150
2022,MISSOURI,TEXAS,CUT CHRISTMAS TREES,150
2022,NORTH CAROLINA,PERSON,CUT CHRISTMAS TREES,150
2022,SOUTH DAKOTA,BROOKINGS,CUT CHRISTMAS TREES,150
2022,WASHINGTON,DOUGLAS,CUT CHRISTMAS TREES,150
2022,CALIFORNIA,SHASTA,CUT CHRISTMAS TREES,156
2022,MISSOURI,RAY,CUT CHRISTMAS TREES,156
2022,GEORGIA,UNION,CUT CHRISTMAS TREES,160
2022,SOUTH CAROLINA,NEWBERRY,CUT CHRISTMAS TREES,165
2022,OREGON,COOS,CUT CHRISTMAS TREES,168
2022,WISCONSIN,BURNETT,CUT CHRISTMAS TREES,174
2022,NEBRASKA,SARPY,CUT CHRISTMAS TREES,178
2022,OHIO,JEFFERSON,CUT CHRISTMAS TREES,180
2022,MINNESOTA,CROW WING,CUT CHRISTMAS TREES,190
2022,ARKANSAS,ASHLEY,CUT CHRISTMAS TREES,195
2022,VIRGINIA,HALIFAX,CUT CHRISTMAS TREES,200
2022,IOWA,CLARKE,CUT CHRISTMAS TREES,207
2022,KENTUCKY,CAMPBELL,CUT CHRISTMAS TREES,210
2022,MICHIGAN,SHIAWASSEE,CUT CHRISTMAS TREES,210
2022,NEBRASKA,BUFFALO,CUT CHRISTMAS TREES,210
2022,MICHIGAN,BARRY,CUT CHRISTMAS TREES,215
2022,PENNSYLVANIA,VENANGO,CUT CHRISTMAS TREES,216
2022,OREGON,CLATSOP,CUT CHRISTMAS TREES,218
2022,COLORADO,LARIMER,CUT CHRISTMAS TREES,227
2022,COLORADO,ROUTT,CUT CHRISTMAS TREES,227
2022,WEST VIRGINIA,BARBOUR,CUT CHRISTMAS TREES,227
2022,ARKANSAS,GREENE,CUT CHRISTMAS TREES,228
2022,MICHIGAN,ARENAC,CUT CHRISTMAS TREES,232
2022,NEW YORK,DELAWARE,CUT CHRISTMAS TREES,232
2022,OHIO,PERRY,CUT CHRISTMAS TREES,233
2022,WISCONSIN,MONROE,CUT CHRISTMAS TREES,235
2022,ILLINOIS,JERSEY,CUT CHRISTMAS TREES,240
2022,MINNESOTA,ROSEAU,CUT CHRISTMAS TREES,240
2022,INDIANA,JENNINGS,CUT CHRISTMAS TREES,250
2022,WISCONSIN,WASHBURN,CUT CHRISTMAS TREES,259
2022,OHIO,MADISON,CUT CHRISTMAS TREES,260
2022,FLORIDA,ALACHUA,CUT CHRISTMAS TREES,262
2022,WASHINGTON,WHITMAN,CUT CHRISTMAS TREES,264
2022,INDIANA,DEARBORN,CUT CHRISTMAS TREES,272
2022,SOUTH CAROLINA,ORANGEBURG,CUT CHRISTMAS TREES,275
2022,PENNSYLVANIA,JEFFERSON,CUT CHRISTMAS TREES,281
2022,TEXAS,HUNT,CUT CHRISTMAS TREES,285
2022,CALIFORNIA,LOS ANGELES,CUT CHRISTMAS TREES,300
2022,KENTUCKY,PULASKI,CUT CHRISTMAS TREES,300
2022,MICHIGAN,OTSEGO,CUT CHRISTMAS TREES,300
2022,VIRGINIA,FAIRFAX,CUT CHRISTMAS TREES,300
2022,VIRGINIA,ROCKBRIDGE,CUT CHRISTMAS TREES,304
2022,OHIO,SCIOTO,CUT CHRISTMAS TREES,310
2022,NEW YORK,ORLEANS,CUT CHRISTMAS TREES,311
2022,GEORGIA,WASHINGTON,CUT CHRISTMAS TREES,312
2022,DELAWARE,NEW CASTLE,CUT CHRISTMAS TREES,313
2022,ARKANSAS,LOGAN,CUT CHRISTMAS TREES,315
2022,IOWA,SCOTT,CUT CHRISTMAS TREES,315
2022,ALABAMA,JACKSON,CUT CHRISTMAS TREES,325
2022,VIRGINIA,RAPPAHANNOCK,CUT CHRISTMAS TREES,325
2022,WEST VIRGINIA,NICHOLAS,CUT CHRISTMAS TREES,346
2022,COLORADO,DOUGLAS,CUT CHRISTMAS TREES,350
2022,OHIO,MONROE,CUT CHRISTMAS TREES,350
2022,INDIANA,CLAY,CUT CHRISTMAS TREES,360
2022,LOUISIANA,CADDO,CUT CHRISTMAS TREES,360
2022,PENNSYLVANIA,SOMERSET,CUT CHRISTMAS TREES,365
2022,WEST VIRGINIA,WOOD,CUT CHRISTMAS TREES,367
2022,WISCONSIN,RACINE,CUT CHRISTMAS TREES,367
2022,MARYLAND,ST MARYS,CUT CHRISTMAS TREES,368
2022,GEORGIA,LUMPKIN,CUT CHRISTMAS TREES,372
2022,ALABAMA,TUSCALOOSA,CUT CHRISTMAS TREES,375
2022,WASHINGTON,WAHKIAKUM,CUT CHRISTMAS TREES,380
2022,WEST VIRGINIA,PENDLETON,CUT CHRISTMAS TREES,390
2022,IOWA,LINN,CUT CHRISTMAS TREES,392
2022,TENNESSEE,KNOX,CUT CHRISTMAS TREES,394
2022,IDAHO,CLEARWATER,CUT CHRISTMAS TREES,396
2022,TENNESSEE,PUTNAM,CUT CHRISTMAS TREES,399
2022,NORTH CAROLINA,TRANSYLVANIA,CUT CHRISTMAS TREES,400
2022,PENNSYLVANIA,CAMERON,CUT CHRISTMAS TREES,404
2022,MISSISSIPPI,COPIAH,CUT CHRISTMAS TREES,405
2022,MICHIGAN,PRESQUE ISLE,CUT CHRISTMAS TREES,410
2022,INDIANA,DUBOIS,CUT CHRISTMAS TREES,411
2022,INDIANA,VANDERBURGH,CUT CHRISTMAS TREES,414
2022,WISCONSIN,OUTAGAMIE,CUT CHRISTMAS TREES,431
2022,WISCONSIN,RUSK,CUT CHRISTMAS TREES,432
2022,MINNESOTA,KANABEC,CUT CHRISTMAS TREES,438
2022,NEW YORK,CAYUGA,CUT CHRISTMAS TREES,438
2022,OHIO,CLARK,CUT CHRISTMAS TREES,441
2022,WASHINGTON,COWLITZ,CUT CHRISTMAS TREES,443
2022,MICHIGAN,IONIA,CUT CHRISTMAS TREES,450
2022,NEBRASKA,ADAMS,CUT CHRISTMAS TREES,450
2022,VIRGINIA,SMYTH,CUT CHRISTMAS TREES,450
2022,ILLINOIS,SANGAMON,CUT CHRISTMAS TREES,460
2022,INDIANA,HARRISON,CUT CHRISTMAS TREES,460
2022,WASHINGTON,WALLA WALLA,CUT CHRISTMAS TREES,460
2022,NEW YORK,ALBANY,CUT CHRISTMAS TREES,467
2022,NORTH CAROLINA,STANLY,CUT CHRISTMAS TREES,478
2022,WEST VIRGINIA,MONONGALIA,CUT CHRISTMAS TREES,478
2022,KENTUCKY,HARDIN,CUT CHRISTMAS TREES,480
2022,TENNESSEE,CANNON,CUT CHRISTMAS TREES,480
2022,HAWAII,MAUI & KALAWAO,CUT CHRISTMAS TREES,496
2022,INDIANA,PERRY,CUT CHRISTMAS TREES,500
2022,PENNSYLVANIA,CLARION,CUT CHRISTMAS TREES,500
2022,VIRGINIA,PATRICK,CUT CHRISTMAS TREES,508
2022,GEORGIA,BROOKS,CUT CHRISTMAS TREES,510
2022,ILLINOIS,JOHNSON,CUT CHRISTMAS TREES,510
2022,INDIANA,PUTNAM,CUT CHRISTMAS TREES,510
2022,INDIANA,JACKSON,CUT CHRISTMAS TREES,520
2022,KANSAS,REPUBLIC,CUT CHRISTMAS TREES,540
2022,VERMONT,RUTLAND,CUT CHRISTMAS TREES,542
2022,WASHINGTON,ISLAND,CUT CHRISTMAS TREES,546
2022,SOUTH CAROLINA,LANCASTER,CUT CHRISTMAS TREES,550
2022,WISCONSIN,LAFAYETTE,CUT CHRISTMAS TREES,552
2022,IOWA,CHEROKEE,CUT CHRISTMAS TREES,555
2022,WASHINGTON,SKAMANIA,CUT CHRISTMAS TREES,584
2022,PENNSYLVANIA,ALLEGHENY,CUT CHRISTMAS TREES,588
2022,ALABAMA,WALKER,CUT CHRISTMAS TREES,600
2022,IOWA,CRAWFORD,CUT CHRISTMAS TREES,600
2022,TENNESSEE,WARREN,CUT CHRISTMAS TREES,600
2022,WISCONSIN,FOND DU LAC,CUT CHRISTMAS TREES,600
2022,WASHINGTON,KITTITAS,CUT CHRISTMAS TREES,608
2022,NEW YORK,ESSEX,CUT CHRISTMAS TREES,609
2022,TENNESSEE,SEVIER,CUT CHRISTMAS TREES,615
2022,MISSISSIPPI,JACKSON,CUT CHRISTMAS TREES,620
2022,VIRGINIA,SHENANDOAH,CUT CHRISTMAS TREES,620
2022,NEW YORK,CLINTON,CUT CHRISTMAS TREES,627
2022,VIRGINIA,ALBEMARLE,CUT CHRISTMAS TREES,628
2022,GEORGIA,GORDON,CUT CHRISTMAS TREES,630
2022,MICHIGAN,TUSCOLA,CUT CHRISTMAS TREES,635
2022,OHIO,WASHINGTON,CUT CHRISTMAS TREES,640
2022,INDIANA,WHITLEY,CUT CHRISTMAS TREES,660
2022,MICHIGAN,LENAWEE,CUT CHRISTMAS TREES,668
2022,NEW JERSEY,SALEM,CUT CHRISTMAS TREES,672
2022,VIRGINIA,SPOTSYLVANIA,CUT CHRISTMAS TREES,684
2022,DELAWARE,KENT,CUT CHRISTMAS TREES,692
2022,COLORADO,BOULDER,CUT CHRISTMAS TREES,694
2022,IOWA,HARDIN,CUT CHRISTMAS TREES,696
2022,VIRGINIA,ISLE OF WIGHT,CUT CHRISTMAS TREES,698
2022,CALIFORNIA,HUMBOLDT,CUT CHRISTMAS TREES,701
2022,GEORGIA,WORTH,CUT CHRISTMAS TREES,708
2022,VIRGINIA,TAZEWELL,CUT CHRISTMAS TREES,720
2022,NEW YORK,MADISON,CUT CHRISTMAS TREES,723
2022,PENNSYLVANIA,FULTON,CUT CHRISTMAS TREES,737
2022,CALIFORNIA,MONTEREY,CUT CHRISTMAS TREES,743
2022,NEW HAMPSHIRE,CARROLL,CUT CHRISTMAS TREES,746
2022,SOUTH DAKOTA,MINNEHAHA,CUT CHRISTMAS TREES,748
2022,GEORGIA,DECATUR,CUT CHRISTMAS TREES,750
2022,MAINE,OXFORD,CUT CHRISTMAS TREES,760
2022,KANSAS,MIAMI,CUT CHRISTMAS TREES,770
2022,OHIO,CUYAHOGA,CUT CHRISTMAS TREES,770
2022,DELAWARE,SUSSEX,CUT CHRISTMAS TREES,775
2022,MARYLAND,QUEEN ANNES,CUT CHRISTMAS TREES,776
2022,MINNESOTA,CARLTON,CUT CHRISTMAS TREES,790
2022,WISCONSIN,ROCK,CUT CHRISTMAS TREES,791
2022,TENNESSEE,MONTGOMERY,CUT CHRISTMAS TREES,792
2022,FLORIDA,MARION,CUT CHRISTMAS TREES,806
2022,OHIO,MEIGS,CUT CHRISTMAS TREES,806
2022,NEW YORK,CHAUTAUQUA,CUT CHRISTMAS TREES,808
2022,NEW YORK,COLUMBIA,CUT CHRISTMAS TREES,809
2022,UTAH,CACHE,CUT CHRISTMAS TREES,820
2022,INDIANA,VIGO,CUT CHRISTMAS TREES,822
2022,NEW YORK,SCHOHARIE,CUT CHRISTMAS TREES,823
2022,MINNESOTA,MORRISON,CUT CHRISTMAS TREES,828
2022,MISSOURI,DAVIESS,CUT CHRISTMAS TREES,835
2022,WISCONSIN,POLK,CUT CHRISTMAS TREES,837
2022,NEW JERSEY,CAPE MAY,CUT CHRISTMAS TREES,850
2022,PENNSYLVANIA,ERIE,CUT CHRISTMAS TREES,851
2022,MASSACHUSETTS,BARNSTABLE,CUT CHRISTMAS TREES,852
2022,MASSACHUSETTS,NORFOLK,CUT CHRISTMAS TREES,852
2022,OHIO,COLUMBIANA,CUT CHRISTMAS TREES,858
2022,NEW YORK,HERKIMER,CUT CHRISTMAS TREES,868
2022,MISSISSIPPI,MARION,CUT CHRISTMAS TREES,870
2022,VIRGINIA,BEDFORD,CUT CHRISTMAS TREES,870
2022,PENNSYLVANIA,BRADFORD,CUT CHRISTMAS TREES,878
2022,KANSAS,MARION,CUT CHRISTMAS TREES,890
2022,OHIO,PICKAWAY,CUT CHRISTMAS TREES,894
2022,MONTANA,FLATHEAD,CUT CHRISTMAS TREES,895
2022,ILLINOIS,ROCK ISLAND,CUT CHRISTMAS TREES,900
2022,VIRGINIA,NELSON,CUT CHRISTMAS TREES,902
2022,ALABAMA,DE KALB,CUT CHRISTMAS TREES,910
2022,IDAHO,BENEWAH,CUT CHRISTMAS TREES,920
2022,WISCONSIN,SAUK,CUT CHRISTMAS TREES,925
2022,MAINE,SAGADAHOC,CUT CHRISTMAS TREES,950
2022,VIRGINIA,CUMBERLAND,CUT CHRISTMAS TREES,974
2022,WISCONSIN,DOOR,CUT CHRISTMAS TREES,987
2022,LOUISIANA,ACADIA,CUT CHRISTMAS TREES,999
2022,MARYLAND,KENT,CUT CHRISTMAS TREES,1000
2022,MARYLAND,GARRETT,CUT CHRISTMAS TREES,1004
2022,NEW YORK,WESTCHESTER,CUT CHRISTMAS TREES,1007
2022,WISCONSIN,ADAMS,CUT CHRISTMAS TREES,1008
2022,WISCONSIN,TREMPEALEAU,CUT CHRISTMAS TREES,1027
2022,MINNESOTA,SCOTT,CUT CHRISTMAS TREES,1029
2022,MISSISSIPPI,RANKIN,CUT CHRISTMAS TREES,1030
2022,OREGON,UNION,CUT CHRISTMAS TREES,1031
2022,WISCONSIN,FOREST,CUT CHRISTMAS TREES,1040
2022,NEW JERSEY,MERCER,CUT CHRISTMAS TREES,1044
2022,COLORADO,JEFFERSON,CUT CHRISTMAS TREES,1048
2022,KANSAS,SHAWNEE,CUT CHRISTMAS TREES,1050
2022,WEST VIRGINIA,TUCKER,CUT CHRISTMAS TREES,1070
2022,GEORGIA,FAYETTE,CUT CHRISTMAS TREES,1082
2022,WISCONSIN,JEFFERSON,CUT CHRISTMAS TREES,1090
2022,OHIO,UNION,CUT CHRISTMAS TREES,1094
2022,MISSOURI,JACKSON,CUT CHRISTMAS TREES,1095
2022,MASSACHUSETTS,BRISTOL,CUT CHRISTMAS TREES,1098
2022,CALIFORNIA,NEVADA,CUT CHRISTMAS TREES,1099
2022,OREGON,HOOD RIVER,CUT CHRISTMAS TREES,1100
2022,PENNSYLVANIA,MERCER,CUT CHRISTMAS TREES,1119
2022,OHIO,ROSS,CUT CHRISTMAS TREES,1120
2022,NEW JERSEY,CAMDEN,CUT CHRISTMAS TREES,1122
2022,OHIO,WARREN,CUT CHRISTMAS TREES,1123
2022,OHIO,MUSKINGUM,CUT CHRISTMAS TREES,1128
2022,PENNSYLVANIA,MCKEAN,CUT CHRISTMAS TREES,1129
2022,MICHIGAN,GLADWIN,CUT CHRISTMAS TREES,1130
2022,NORTH CAROLINA,JOHNSTON,CUT CHRISTMAS TREES,1131
2022,MICHIGAN,MIDLAND,CUT CHRISTMAS TREES,1132
2022,ILLINOIS,OGLE,CUT CHRISTMAS TREES,1150
2022,MINNESOTA,GOODHUE,CUT CHRISTMAS TREES,1151
2022,KANSAS,LEAVENWORTH,CUT CHRISTMAS TREES,1158
2022,MINNESOTA,WABASHA,CUT CHRISTMAS TREES,1160
2022,WEST VIRGINIA,HAMPSHIRE,CUT CHRISTMAS TREES,1162
2022,WISCONSIN,CRAWFORD,CUT CHRISTMAS TREES,1180
2022,OHIO,LAKE,CUT CHRISTMAS TREES,1189
2022,WEST VIRGINIA,BERKELEY,CUT CHRISTMAS TREES,1190
2022,GEORGIA,TWIGGS,CUT CHRISTMAS TREES,1200
2022,LOUISIANA,TANGIPAHOA,CUT CHRISTMAS TREES,1200
2022,MICHIGAN,OGEMAW,CUT CHRISTMAS TREES,1200
2022,PENNSYLVANIA,DELAWARE,CUT CHRISTMAS TREES,1200
2022,VIRGINIA,CAROLINE,CUT CHRISTMAS TREES,1204
2022,SOUTH CAROLINA,OCONEE,CUT CHRISTMAS TREES,1224
2022,ILLINOIS,CLINTON,CUT CHRISTMAS TREES,1235
2022,VIRGINIA,ROANOKE,CUT CHRISTMAS TREES,1255
2022,VIRGINIA,BUCKINGHAM,CUT CHRISTMAS TREES,1262
2022,MARYLAND,WASHINGTON,CUT CHRISTMAS TREES,1275
2022,MISSISSIPPI,JONES,CUT CHRISTMAS TREES,1300
2022,MINNESOTA,OLMSTED,CUT CHRISTMAS TREES,1327
2022,WISCONSIN,SAWYER,CUT CHRISTMAS TREES,1332
2022,WISCONSIN,VERNON,CUT CHRISTMAS TREES,1339
2022,PENNSYLVANIA,WESTMORELAND,CUT CHRISTMAS TREES,1350
2022,WISCONSIN,WASHINGTON,CUT CHRISTMAS TREES,1360
2022,WISCONSIN,PIERCE,CUT CHRISTMAS TREES,1360
2022,CALIFORNIA,SAN DIEGO,CUT CHRISTMAS TREES,1370
2022,NEW YORK,ST LAWRENCE,CUT CHRISTMAS TREES,1378
2022,INDIANA,FULTON,CUT CHRISTMAS TREES,1386
2022,NEW HAMPSHIRE,ROCKINGHAM,CUT CHRISTMAS TREES,1386
2022,OHIO,KNOX,CUT CHRISTMAS TREES,1398
2022,MINNESOTA,CHISAGO,CUT CHRISTMAS TREES,1401
2022,NEW YORK,RENSSELAER,CUT CHRISTMAS TREES,1401
2022,PENNSYLVANIA,ARMSTRONG,CUT CHRISTMAS TREES,1416
2022,VERMONT,WINDHAM,CUT CHRISTMAS TREES,1434
2022,VIRGINIA,PRINCE WILLIAM,CUT CHRISTMAS TREES,1450
2022,SOUTH CAROLINA,AIKEN,CUT CHRISTMAS TREES,1458
2022,INDIANA,BARTHOLOMEW,CUT CHRISTMAS TREES,1470
2022,TEXAS,JOHNSON,CUT CHRISTMAS TREES,1470
2022,ILLINOIS,DE KALB,CUT CHRISTMAS TREES,1500
2022,MINNESOTA,RICE,CUT CHRISTMAS TREES,1500
2022,MICHIGAN,ALPENA,CUT CHRISTMAS TREES,1528
2022,GEORGIA,BARTOW,CUT CHRISTMAS TREES,1555
2022,NEW JERSEY,OCEAN,CUT CHRISTMAS TREES,1571
2022,INDIANA,PARKE,CUT CHRISTMAS TREES,1580
2022,VIRGINIA,FREDERICK,CUT CHRISTMAS TREES,1602
2022,NEW HAMPSHIRE,HILLSBOROUGH,CUT CHRISTMAS TREES,1604
2022,MISSISSIPPI,NEWTON,CUT CHRISTMAS TREES,1620
2022,NORTH CAROLINA,YANCEY,CUT CHRISTMAS TREES,1620
2022,WISCONSIN,BARRON,CUT CHRISTMAS TREES,1626
2022,NEBRASKA,SEWARD,CUT CHRISTMAS TREES,1638
2022,VIRGINIA,CARROLL,CUT CHRISTMAS TREES,1645
2022,IOWA,WINNESHIEK,CUT CHRISTMAS TREES,1650
2022,MISSISSIPPI,PONTOTOC,CUT CHRISTMAS TREES,1650
2022,WISCONSIN,OZAUKEE,CUT CHRISTMAS TREES,1652
2022,HAWAII,HONOLULU,CUT CHRISTMAS TREES,1654
2022,GEORGIA,SPALDING,CUT CHRISTMAS TREES,1671
2022,NEW YORK,WARREN,CUT CHRISTMAS TREES,1689
2022,IDAHO,KOOTENAI,CUT CHRISTMAS TREES,1712
2022,NEW JERSEY,SOMERSET,CUT CHRISTMAS TREES,1720
2022,OHIO,MEDINA,CUT CHRISTMAS TREES,1726
2022,MICHIGAN,JACKSON,CUT CHRISTMAS TREES,1736
2022,VIRGINIA,ROCKINGHAM,CUT CHRISTMAS TREES,1740
2022,ILLINOIS,ST CLAIR,CUT CHRISTMAS TREES,1743
2022,OHIO,COSHOCTON,CUT CHRISTMAS TREES,1745
2022,PENNSYLVANIA,CUMBERLAND,CUT CHRISTMAS TREES,1760
2022,MICHIGAN,DELTA,CUT CHRISTMAS TREES,1762
2022,VIRGINIA,MADISON,CUT CHRISTMAS TREES,1764
2022,MAINE,LINCOLN,CUT CHRISTMAS TREES,1798
2022,GEORGIA,WHITFIELD,CUT CHRISTMAS TREES,1800
2022,GEORGIA,WARE,CUT CHRISTMAS TREES,1800
2022,SOUTH CAROLINA,SALUDA,CUT CHRISTMAS TREES,1800
2022,MARYLAND,ANNE ARUNDEL,CUT CHRISTMAS TREES,1812
2022,GEORGIA,PIKE,CUT CHRISTMAS TREES,1818
2022,VIRGINIA,FAUQUIER,CUT CHRISTMAS TREES,1820
2022,NEW YORK,GENESEE,CUT CHRISTMAS TREES,1830
2022,INDIANA,DELAWARE,CUT CHRISTMAS TREES,1850
2022,OHIO,TRUMBULL,CUT CHRISTMAS TREES,1864
2022,NEW YORK,SCHUYLER,CUT CHRISTMAS TREES,1875
2022,ILLINOIS,PEORIA,CUT CHRISTMAS TREES,1899
2022,VERMONT,WINDSOR,CUT CHRISTMAS TREES,1910
2022,MICHIGAN,CLINTON,CUT CHRISTMAS TREES,1913
2022,MINNESOTA,WRIGHT,CUT CHRISTMAS TREES,1921
2022,INDIANA,ALLEN,CUT CHRISTMAS TREES,1966
2022,NEW YORK,CHEMUNG,CUT CHRISTMAS TREES,1970
2022,PENNSYLVANIA,CLINTON,CUT CHRISTMAS TREES,1990
2022,MARYLAND,BALTIMORE,CUT CHRISTMAS TREES,1992
2022,NEW HAMPSHIRE,CHESHIRE,CUT CHRISTMAS TREES,1999
2022,ILLINOIS,PUTNAM,CUT CHRISTMAS TREES,2000
2022,MICHIGAN,CALHOUN,CUT CHRISTMAS TREES,2012
2022,WASHINGTON,CLALLAM,CUT CHRISTMAS TREES,2084
2022,NEW JERSEY,MORRIS,CUT CHRISTMAS TREES,2087
2022,VIRGINIA,CULPEPER,CUT CHRISTMAS TREES,2096
2022,NEW MEXICO,MORA,CUT CHRISTMAS TREES,2105
2022,WISCONSIN,ASHLAND,CUT CHRISTMAS TREES,2116
2022,CALIFORNIA,PLACER,CUT CHRISTMAS TREES,2136
2022,MAINE,FRANKLIN,CUT CHRISTMAS TREES,2166
2022,NEW HAMPSHIRE,SULLIVAN,CUT CHRISTMAS TREES,2183
2022,ILLINOIS,WHITESIDE,CUT CHRISTMAS TREES,2185
2022,NORTH CAROLINA,LINCOLN,CUT CHRISTMAS TREES,2190
2022,SOUTH CAROLINA,GREENVILLE,CUT CHRISTMAS TREES,2204
2022,VIRGINIA,AUGUSTA,CUT CHRISTMAS TREES,2240
2022,FLORIDA,SUMTER,CUT CHRISTMAS TREES,2250
2022,MICHIGAN,CLARE,CUT CHRISTMAS TREES,2252
2022,MICHIGAN,ISABELLA,CUT CHRISTMAS TREES,2262
2022,PENNSYLVANIA,WYOMING,CUT CHRISTMAS TREES,2277
2022,NEW HAMPSHIRE,BELKNAP,CUT CHRISTMAS TREES,2284
2022,GEORGIA,LAURENS,CUT CHRISTMAS TREES,2290
2022,NEW YORK,CHENANGO,CUT CHRISTMAS TREES,2306
2022,SOUTH CAROLINA,LEXINGTON,CUT CHRISTMAS TREES,2325
2022,WEST VIRGINIA,POCAHONTAS,CUT CHRISTMAS TREES,2335
2022,WISCONSIN,BROWN,CUT CHRISTMAS TREES,2349
2022,OREGON,BAKER,CUT CHRISTMAS TREES,2368
2022,NEBRASKA,WASHINGTON,CUT CHRISTMAS TREES,2384
2022,MICHIGAN,LIVINGSTON,CUT CHRISTMAS TREES,2420
2022,NEW YORK,ONTARIO,CUT CHRISTMAS TREES,2441
2022,NEW YORK,NIAGARA,CUT CHRISTMAS TREES,2459
2022,MICHIGAN,KALAMAZOO,CUT CHRISTMAS TREES,2476
2022,VIRGINIA,CLARKE,CUT CHRISTMAS TREES,2489
2022,PENNSYLVANIA,PERRY,CUT CHRISTMAS TREES,2495
2022,MICHIGAN,MONROE,CUT CHRISTMAS TREES,2513
2022,NEW HAMPSHIRE,STRAFFORD,CUT CHRISTMAS TREES,2528
2022,MONTANA,SANDERS,CUT CHRISTMAS TREES,2550
2022,ILLINOIS,WASHINGTON,CUT CHRISTMAS TREES,2568
2022,ALABAMA,JEFFERSON,CUT CHRISTMAS TREES,2577
2022,WASHINGTON,SKAGIT,CUT CHRISTMAS TREES,2612
2022,OHIO,SUMMIT,CUT CHRISTMAS TREES,2616
2022,VIRGINIA,LOUISA,CUT CHRISTMAS TREES,2640
2022,NEW JERSEY,CUMBERLAND,CUT CHRISTMAS TREES,2671
2022,WEST VIRGINIA,LINCOLN,CUT CHRISTMAS TREES,2680
2022,OHIO,FRANKLIN,CUT CHRISTMAS TREES,2694
2022,VERMONT,ADDISON,CUT CHRISTMAS TREES,2694
2022,OREGON,JACKSON,CUT CHRISTMAS TREES,2702
2022,NEW HAMPSHIRE,MERRIMACK,CUT CHRISTMAS TREES,2738
2022,VERMONT,ORANGE,CUT CHRISTMAS TREES,2772
2022,MISSOURI,WARREN,CUT CHRISTMAS TREES,2810
2022,RHODE ISLAND,WASHINGTON,CUT CHRISTMAS TREES,2829
2022,NORTH CAROLINA,WAKE,CUT CHRISTMAS TREES,2900
2022,WISCONSIN,RICHLAND,CUT CHRISTMAS TREES,2910
2022,NEW YORK,CORTLAND,CUT CHRISTMAS TREES,2931
2022,OHIO,TUSCARAWAS,CUT CHRISTMAS TREES,2932
2022,VIRGINIA,PAGE,CUT CHRISTMAS TREES,2955
2022,CALIFORNIA,SAN LUIS OBISPO,CUT CHRISTMAS TREES,3003
2022,OHIO,HURON,CUT CHRISTMAS TREES,3022
2022,CALIFORNIA,MERCED,CUT CHRISTMAS TREES,3030
2022,MINNESOTA,MILLE LACS,CUT CHRISTMAS TREES,3083
2022,WISCONSIN,SHEBOYGAN,CUT CHRISTMAS TREES,3134
2022,WEST VIRGINIA,MINERAL,CUT CHRISTMAS TREES,3192
2022,WEST VIRGINIA,JEFFERSON,CUT CHRISTMAS TREES,3202
2022,OHIO,MONTGOMERY,CUT CHRISTMAS TREES,3281
2022,SOUTH CAROLINA,YORK,CUT CHRISTMAS TREES,3300
2022,CALIFORNIA,LAKE,CUT CHRISTMAS TREES,3436
2022,ALABAMA,BLOUNT,CUT CHRISTMAS TREES,3450
2022,OHIO,DELAWARE,CUT CHRISTMAS TREES,3480
2022,CONNECTICUT,MIDDLESEX,CUT CHRISTMAS TREES,3493
2022,MICHIGAN,GENESEE,CUT CHRISTMAS TREES,3493
2022,MAINE,PENOBSCOT,CUT CHRISTMAS TREES,3508
2022,MARYLAND,HARFORD,CUT CHRISTMAS TREES,3517
2022,OREGON,DOUGLAS,CUT CHRISTMAS TREES,3525
2022,NEW JERSEY,MIDDLESEX,CUT CHRISTMAS TREES,3568
2022,OHIO,MORROW,CUT CHRISTMAS TREES,3568
2022,VERMONT,LAMOILLE,CUT CHRISTMAS TREES,3573
2022,PENNSYLVANIA,DAUPHIN,CUT CHRISTMAS TREES,3585
2022,GEORGIA,MCINTOSH,CUT CHRISTMAS TREES,3588
2022,NEBRASKA,LANCASTER,CUT CHRISTMAS TREES,3614
2022,NEW YORK,WYOMING,CUT CHRISTMAS TREES,3632
2022,MINNESOTA,ST. LOUIS,CUT CHRISTMAS TREES,3642
2022,WISCONSIN,OCONTO,CUT CHRISTMAS TREES,3759
2022,WISCONSIN,WAUKESHA,CUT CHRISTMAS TREES,3774
2022,OKLAHOMA,OKLAHOMA,CUT CHRISTMAS TREES,3843
2022,WISCONSIN,EAU CLAIRE,CUT CHRISTMAS TREES,3853
2022,SOUTH CAROLINA,GREENWOOD,CUT CHRISTMAS TREES,3900
2022,MASSACHUSETTS,PLYMOUTH,CUT CHRISTMAS TREES,3910
2022,NEW YORK,SUFFOLK,CUT CHRISTMAS TREES,3915
2022,NEW YORK,OTSEGO,CUT CHRISTMAS TREES,3932
2022,GEORGIA,FORSYTH,CUT CHRISTMAS TREES,3978
2022,MICHIGAN,MUSKEGON,CUT CHRISTMAS TREES,3980
2022,WEST VIRGINIA,OHIO,CUT CHRISTMAS TREES,3987
2022,NEW JERSEY,BURLINGTON,CUT CHRISTMAS TREES,4076
2022,PENNSYLVANIA,CAMBRIA,CUT CHRISTMAS TREES,4080
2022,NEW YORK,SARATOGA,CUT CHRISTMAS TREES,4097
2022,PENNSYLVANIA,TIOGA,CUT CHRISTMAS TREES,4111
2022,PENNSYLVANIA,SUSQUEHANNA,CUT CHRISTMAS TREES,4122
2022,PENNSYLVANIA,CENTRE,CUT CHRISTMAS TREES,4190
2022,MAINE,ANDROSCOGGIN,CUT CHRISTMAS TREES,4277
2022,KANSAS,SEDGWICK,CUT CHRISTMAS TREES,4313
2022,MINNESOTA,POPE,CUT CHRISTMAS TREES,4350
2022,MICHIGAN,SAGINAW,CUT CHRISTMAS TREES,4356
2022,PENNSYLVANIA,LEBANON,CUT CHRISTMAS TREES,4391
2022,NEW JERSEY,ATLANTIC,CUT CHRISTMAS TREES,4412
2022,OHIO,GREENE,CUT CHRISTMAS TREES,4471
2022,NEW YORK,TIOGA,CUT CHRISTMAS TREES,4511
2022,NEW JERSEY,GLOUCESTER,CUT CHRISTMAS TREES,4575
2022,WISCONSIN,WOOD,CUT CHRISTMAS TREES,4579
2022,MASSACHUSETTS,BERKSHIRE,CUT CHRISTMAS TREES,4586
2022,MAINE,HANCOCK,CUT CHRISTMAS TREES,4708
2022,PENNSYLVANIA,BEDFORD,CUT CHRISTMAS TREES,4725
2022,INDIANA,TIPPECANOE,CUT CHRISTMAS TREES,4740
2022,ILLINOIS,JO DAVIESS,CUT CHRISTMAS TREES,4897
2022,WISCONSIN,WALWORTH,CUT CHRISTMAS TREES,4909
2022,GEORGIA,WALKER,CUT CHRISTMAS TREES,4911
2022,MINNESOTA,PINE,CUT CHRISTMAS TREES,4946
2022,MICHIGAN,EATON,CUT CHRISTMAS TREES,4966
2022,MICHIGAN,SANILAC,CUT CHRISTMAS TREES,4980
2022,RHODE ISLAND,PROVIDENCE,CUT CHRISTMAS TREES,5033
2022,VERMONT,CALEDONIA,CUT CHRISTMAS TREES,5105
2022,OHIO,STARK,CUT CHRISTMAS TREES,5131
2022,INDIANA,LA PORTE,CUT CHRISTMAS TREES,5168
2022,WISCONSIN,WAUPACA,CUT CHRISTMAS TREES,5203
2022,NEW JERSEY,MONMOUTH,CUT CHRISTMAS TREES,5318
2022,NORTH CAROLINA,WILKES,CUT CHRISTMAS TREES,5325
2022,MAINE,CUMBERLAND,CUT CHRISTMAS TREES,5338
2022,MICHIGAN,NEWAYGO,CUT CHRISTMAS TREES,5481
2022,WISCONSIN,CHIPPEWA,CUT CHRISTMAS TREES,5490
2022,OHIO,PORTAGE,CUT CHRISTMAS TREES,5590
2022,MINNESOTA,ITASCA,CUT CHRISTMAS TREES,5656
2022,PENNSYLVANIA,LACKAWANNA,CUT CHRISTMAS TREES,5667
2022,NEW YORK,SULLIVAN,CUT CHRISTMAS TREES,5673
2022,NORTH CAROLINA,HAYWOOD,CUT CHRISTMAS TREES,5686
2022,PENNSYLVANIA,LUZERNE,CUT CHRISTMAS TREES,5710
2022,PENNSYLVANIA,FRANKLIN,CUT CHRISTMAS TREES,5726
2022,CALIFORNIA,SACRAMENTO,CUT CHRISTMAS TREES,5760
2022,WISCONSIN,KEWAUNEE,CUT CHRISTMAS TREES,5774
2022,MICHIGAN,ANTRIM,CUT CHRISTMAS TREES,5818
2022,VIRGINIA,GILES,CUT CHRISTMAS TREES,5838
2022,OHIO,ASHLAND,CUT CHRISTMAS TREES,5844
2022,MICHIGAN,GRAND TRAVERSE,CUT CHRISTMAS TREES,5850
2022,NEW YORK,LIVINGSTON,CUT CHRISTMAS TREES,5869
2022,GEORGIA,HARALSON,CUT CHRISTMAS TREES,5875
2022,MARYLAND,CECIL,CUT CHRISTMAS TREES,5965
2022,PENNSYLVANIA,WAYNE,CUT CHRISTMAS TREES,5965
2022,MICHIGAN,LUCE,CUT CHRISTMAS TREES,6000
2022,CALIFORNIA,SAN MATEO,CUT CHRISTMAS TREES,6180
2022,GEORGIA,HENRY,CUT CHRISTMAS TREES,6195
2022,WEST VIRGINIA,MERCER,CUT CHRISTMAS TREES,6273
2022,MICHIGAN,KENT,CUT CHRISTMAS TREES,6350
2022,NORTH CAROLINA,MADISON,CUT CHRISTMAS TREES,6411
2022,VERMONT,FRANKLIN,CUT CHRISTMAS TREES,6449
2022,OHIO,RICHLAND,CUT CHRISTMAS TREES,6454
2022,OHIO,ASHTABULA,CUT CHRISTMAS TREES,6519
2022,MASSACHUSETTS,MIDDLESEX,CUT CHRISTMAS TREES,6526
2022,WISCONSIN,PORTAGE,CUT CHRISTMAS TREES,6560
2022,PENNSYLVANIA,SNYDER,CUT CHRISTMAS TREES,6590
2022,VIRGINIA,FLOYD,CUT CHRISTMAS TREES,6610
2022,ILLINOIS,CARROLL,CUT CHRISTMAS TREES,6748
2022,MINNESOTA,OTTER TAIL,CUT CHRISTMAS TREES,6769
2022,NEW JERSEY,SUSSEX,CUT CHRISTMAS TREES,6770
2022,PENNSYLVANIA,BUCKS,CUT CHRISTMAS TREES,6777
2022,PENNSYLVANIA,WARREN,CUT CHRISTMAS TREES,6824
2022,WISCONSIN,LA CROSSE,CUT CHRISTMAS TREES,7216
2022,MASSACHUSETTS,ESSEX,CUT CHRISTMAS TREES,7312
2022,WISCONSIN,CLARK,CUT CHRISTMAS TREES,7346
2022,WISCONSIN,COLUMBIA,CUT CHRISTMAS TREES,7358
2022,MICHIGAN,CHIPPEWA,CUT CHRISTMAS TREES,7360
2022,GEORGIA,NEWTON,CUT CHRISTMAS TREES,7500
2022,OHIO,MAHONING,CUT CHRISTMAS TREES,7644
2022,VERMONT,BENNINGTON,CUT CHRISTMAS TREES,7660
2022,OHIO,CARROLL,CUT CHRISTMAS TREES,7752
2022,MICHIGAN,MENOMINEE,CUT CHRISTMAS TREES,7806
2022,MICHIGAN,LEELANAU,CUT CHRISTMAS TREES,7922
2022,VIRGINIA,WASHINGTON,CUT CHRISTMAS TREES,8120
2022,CONNECTICUT,TOLLAND,CUT CHRISTMAS TREES,8431
2022,MARYLAND,FREDERICK,CUT CHRISTMAS TREES,8436
2022,MICHIGAN,LAPEER,CUT CHRISTMAS TREES,8452
2022,MICHIGAN,EMMET,CUT CHRISTMAS TREES,8500
2022,MINNESOTA,WASHINGTON,CUT CHRISTMAS TREES,8555
2022,WISCONSIN,PRICE,CUT CHRISTMAS TREES,8569
2022,NEW YORK,ALLEGANY,CUT CHRISTMAS TREES,8591
2022,NEW JERSEY,WARREN,CUT CHRISTMAS TREES,8707
2022,CALIFORNIA,SONOMA,CUT CHRISTMAS TREES,8716
2022,VIRGINIA,LOUDOUN,CUT CHRISTMAS TREES,8737
2022,MICHIGAN,KALKASKA,CUT CHRISTMAS TREES,8944
2022,WASHINGTON,SNOHOMISH,CUT CHRISTMAS TREES,8983
2022,ILLINOIS,WINNEBAGO,CUT CHRISTMAS TREES,9000
2022,MAINE,YORK,CUT CHRISTMAS TREES,9012
2022,MICHIGAN,OTTAWA,CUT CHRISTMAS TREES,9043
2022,PENNSYLVANIA,ADAMS,CUT CHRISTMAS TREES,9051
2022,NEW JERSEY,HUNTERDON,CUT CHRISTMAS TREES,9184
2022,MAINE,SOMERSET,CUT CHRISTMAS TREES,9256
2022,NEW YORK,FRANKLIN,CUT CHRISTMAS TREES,9271
2022,MAINE,KENNEBEC,CUT CHRISTMAS TREES,9418
2022,NEW YORK,ERIE,CUT CHRISTMAS TREES,9609
2022,MICHIGAN,OAKLAND,CUT CHRISTMAS TREES,9678
2022,MINNESOTA,SHERBURNE,CUT CHRISTMAS TREES,9753
2022,PENNSYLVANIA,LEHIGH,CUT CHRISTMAS TREES,9770
2022,CONNECTICUT,LITCHFIELD,CUT CHRISTMAS TREES,9807
2022,NEW YORK,ULSTER,CUT CHRISTMAS TREES,9886
2022,MARYLAND,CARROLL,CUT CHRISTMAS TREES,9935
2022,WISCONSIN,ST CROIX,CUT CHRISTMAS TREES,9935
2022,OHIO,LORAIN,CUT CHRISTMAS TREES,9967
2022,PENNSYLVANIA,MONROE,CUT CHRISTMAS TREES,9980
2022,PENNSYLVANIA,CLEARFIELD,CUT CHRISTMAS TREES,10181
2022,CONNECTICUT,NEW HAVEN,CUT CHRISTMAS TREES,10263
2022,PENNSYLVANIA,POTTER,CUT CHRISTMAS TREES,10465
2022,CONNECTICUT,NEW LONDON,CUT CHRISTMAS TREES,10561
2022,MAINE,PISCATAQUIS,CUT CHRISTMAS TREES,10725
2022,CALIFORNIA,RIVERSIDE,CUT CHRISTMAS TREES,10890
2022,NEW YORK,DUTCHESS,CUT CHRISTMAS TREES,10947
2022,NEW YORK,WAYNE,CUT CHRISTMAS TREES,10991
2022,MAINE,WALDO,CUT CHRISTMAS TREES,11002
2022,PENNSYLVANIA,NORTHUMBERLAND,CUT CHRISTMAS TREES,11227
2022,VERMONT,WASHINGTON,CUT CHRISTMAS TREES,11324
2022,MASSACHUSETTS,HAMPDEN,CUT CHRISTMAS TREES,11441
2022,MASSACHUSETTS,FRANKLIN,CUT CHRISTMAS TREES,11546
2022,NORTH CAROLINA,MOORE,CUT CHRISTMAS TREES,11600
2022,CONNECTICUT,HARTFORD,CUT CHRISTMAS TREES,11797
2022,MICHIGAN,MANISTEE,CUT CHRISTMAS TREES,11872
2022,PENNSYLVANIA,FAYETTE,CUT CHRISTMAS TREES,12000
2022,NEW YORK,TOMPKINS,CUT CHRISTMAS TREES,12129
2022,NEW YORK,BROOME,CUT CHRISTMAS TREES,12223
2022,NEW YORK,ORANGE,CUT CHRISTMAS TREES,12225
2022,PENNSYLVANIA,WASHINGTON,CUT CHRISTMAS TREES,12312
2022,VERMONT,CHITTENDEN,CUT CHRISTMAS TREES,12654
2022,OHIO,LICKING,CUT CHRISTMAS TREES,12806
2022,MASSACHUSETTS,HAMPSHIRE,CUT CHRISTMAS TREES,12822
2022,NORTH CAROLINA,MCDOWELL,CUT CHRISTMAS TREES,12886
2022,ILLINOIS,MCHENRY,CUT CHRISTMAS TREES,12926
2022,MICHIGAN,IRON,CUT CHRISTMAS TREES,13172
2022,CONNECTICUT,WINDHAM,CUT CHRISTMAS TREES,13442
2022,VERMONT,ORLEANS,CUT CHRISTMAS TREES,13730
2022,CALIFORNIA,SANTA CLARA,CUT CHRISTMAS TREES,13734
2022,OREGON,MULTNOMAH,CUT CHRISTMAS TREES,13926
2022,PENNSYLVANIA,CHESTER,CUT CHRISTMAS TREES,14498
2022,NEW YORK,CATTARAUGUS,CUT CHRISTMAS TREES,14601
2022,OHIO,FAIRFIELD,CUT CHRISTMAS TREES,14690
2022,OREGON,COLUMBIA,CUT CHRISTMAS TREES,14713
2022,NEW YORK,WASHINGTON,CUT CHRISTMAS TREES,14875
2022,MICHIGAN,CHEBOYGAN,CUT CHRISTMAS TREES,15114
2022,NEW YORK,OSWEGO,CUT CHRISTMAS TREES,15161
2022,WASHINGTON,SPOKANE,CUT CHRISTMAS TREES,15265
2022,WISCONSIN,MARATHON,CUT CHRISTMAS TREES,15736
2022,PENNSYLVANIA,MONTGOMERY,CUT CHRISTMAS TREES,16343
2022,MICHIGAN,ST CLAIR,CUT CHRISTMAS TREES,16895
2022,PENNSYLVANIA,INDIANA,CUT CHRISTMAS TREES,17037
2022,PENNSYLVANIA,BERKS,CUT CHRISTMAS TREES,17258
2022,NEW YORK,STEUBEN,CUT CHRISTMAS TREES,17327
2022,NEW YORK,ONEIDA,CUT CHRISTMAS TREES,17348
2022,WISCONSIN,TAYLOR,CUT CHRISTMAS TREES,17541
2022,NEW YORK,FULTON,CUT CHRISTMAS TREES,17579
2022,MASSACHUSETTS,WORCESTER,CUT CHRISTMAS TREES,17685
2022,NEW YORK,ONONDAGA,CUT CHRISTMAS TREES,18271
2022,PENNSYLVANIA,BEAVER,CUT CHRISTMAS TREES,18873
2022,WISCONSIN,LANGLADE,CUT CHRISTMAS TREES,19513
2022,MAINE,AROOSTOOK,CUT CHRISTMAS TREES,20231
2022,NORTH CAROLINA,PENDER,CUT CHRISTMAS TREES,20400
2022,CALIFORNIA,SANTA CRUZ,CUT CHRISTMAS TREES,20526
2022,CONNECTICUT,FAIRFIELD,CUT CHRISTMAS TREES,21099
2022,NEW YORK,MONROE,CUT CHRISTMAS TREES,21174
2022,OHIO,WAYNE,CUT CHRISTMAS TREES,21953
2022,WISCONSIN,MARQUETTE,CUT CHRISTMAS TREES,21988
2022,WASHINGTON,GRAYS HARBOR,CUT CHRISTMAS TREES,23030
2022,PENNSYLVANIA,LANCASTER,CUT CHRISTMAS TREES,23864
2022,NORTH CAROLINA,ROBESON,CUT CHRISTMAS TREES,24000
2022,PENNSYLVANIA,NORTHAMPTON,CUT CHRISTMAS TREES,24157
2022,MINNESOTA,ANOKA,CUT CHRISTMAS TREES,24600
2022,PENNSYLVANIA,BUTLER,CUT CHRISTMAS TREES,24960
2022,WASHINGTON,KING,CUT CHRISTMAS TREES,25649
2022,NEW YORK,LEWIS,CUT CHRISTMAS TREES,25838
2022,OHIO,GEAUGA,CUT CHRISTMAS TREES,25868
2022,PENNSYLVANIA,CRAWFORD,CUT CHRISTMAS TREES,26838
2022,MICHIGAN,INGHAM,CUT CHRISTMAS TREES,27398
2022,NORTH CAROLINA,MITCHELL,CUT CHRISTMAS TREES,28620
2022,NEW HAMPSHIRE,GRAFTON,CUT CHRISTMAS TREES,29329
2022,WASHINGTON,KITSAP,CUT CHRISTMAS TREES,30293
2022,WISCONSIN,SHAWANO,CUT CHRISTMAS TREES,30878
2022,PENNSYLVANIA,LYCOMING,CUT CHRISTMAS TREES,30918
2022,WASHINGTON,WHATCOM,CUT CHRISTMAS TREES,31847
2022,MICHIGAN,WASHTENAW,CUT CHRISTMAS TREES,32049
2022,CALIFORNIA,EL DORADO,CUT CHRISTMAS TREES,32408
2022,WISCONSIN,DANE,CUT CHRISTMAS TREES,32670
2022,MICHIGAN,MASON,CUT CHRISTMAS TREES,34096
2022,NEW HAMPSHIRE,COOS,CUT CHRISTMAS TREES,34526
2022,MINNESOTA,ISANTI,CUT CHRISTMAS TREES,37941
2022,PENNSYLVANIA,CARBON,CUT CHRISTMAS TREES,47413
2022,WASHINGTON,CLARK,CUT CHRISTMAS TREES,48170
2022,OREGON,WASHINGTON,CUT CHRISTMAS TREES,51708
2022,NORTH CAROLINA,VANCE,CUT CHRISTMAS TREES,55038
2022,VERMONT,ESSEX,CUT CHRISTMAS TREES,57274
2022,MICHIGAN,WEXFORD,CUT CHRISTMAS TREES,62329
2022,MICHIGAN,OCEANA,CUT CHRISTMAS TREES,74314
2022,WASHINGTON,MASON,CUT CHRISTMAS TREES,75153
2022,PENNSYLVANIA,YORK,CUT CHRISTMAS TREES,78523
2022,OREGON,LINN,CUT CHRISTMAS TREES,81217
2022,OREGON,YAMHILL,CUT CHRISTMAS TREES,82162
2022,WISCONSIN,LINCOLN,CUT CHRISTMAS TREES,83573
2022,WISCONSIN,WAUSHARA,CUT CHRISTMAS TREES,83612
2022,WASHINGTON,THURSTON,CUT CHRISTMAS TREES,85956
2022,NORTH CAROLINA,BURKE,CUT CHRISTMAS TREES,91075
2022,PENNSYLVANIA,COLUMBIA,CUT CHRISTMAS TREES,91596
2022,PENNSYLVANIA,SCHUYLKILL,CUT CHRISTMAS TREES,107077
2022,WISCONSIN,JACKSON,CUT CHRISTMAS TREES,118474
2022,NORTH CAROLINA,WATAUGA,CUT CHRISTMAS TREES,187277
2022,NORTH CAROLINA,JACKSON,CUT CHRISTMAS TREES,209338
2022,OREGON,LANE,CUT CHRISTMAS TREES,243687
2022,NORTH CAROLINA,AVERY,CUT CHRISTMAS TREES,422470
2022,OREGON,BENTON,CUT CHRISTMAS TREES,446871
2022,VIRGINIA,GRAYSON,CUT CHRISTMAS TREES,499430
2022,NORTH CAROLINA,ALLEGHANY,CUT CHRISTMAS TREES,526785
2022,WASHINGTON,LEWIS,CUT CHRISTMAS TREES,548180
2022,OREGON,MARION,CUT CHRISTMAS TREES,740524
2022,OREGON,POLK,CUT CHRISTMAS TREES,990547
2022,MICHIGAN,MISSAUKEE,CUT CHRISTMAS TREES,1097986
2022,NORTH CAROLINA,ASHE,CUT CHRISTMAS TREES,1585580
2022,OREGON,CLACKAMAS,CUT CHRISTMAS TREES,2088169
2022,ALABAMA,AUTAUGA,CUT CHRISTMAS TREES,X
2022,ALABAMA,ELMORE,CUT CHRISTMAS TREES,X
2022,ALABAMA,BALDWIN,CUT CHRISTMAS TREES,X
2022,ALABAMA,WASHINGTON,CUT CHRISTMAS TREES,X
2022,ALABAMA,MARSHALL,CUT CHRISTMAS TREES,X
2022,ALABAMA,LIMESTONE,CUT CHRISTMAS TREES,X
2022,ALABAMA,MADISON,CUT CHRISTMAS TREES,X
2022,ALABAMA,CHAMBERS,CUT CHRISTMAS TREES,X
2022,ALABAMA,CHILTON,CUT CHRISTMAS TREES,X
2022,ALABAMA,CLAY,CUT CHRISTMAS TREES,X
2022,ALABAMA,LAMAR,CUT CHRISTMAS TREES,X
2022,ALABAMA,PICKENS,CUT CHRISTMAS TREES,X
2022,ALABAMA,SHELBY,CUT CHRISTMAS TREES,X
2022,ALABAMA,COFFEE,CUT CHRISTMAS TREES,X
2022,ALABAMA,COVINGTON,CUT CHRISTMAS TREES,X
2022,ALASKA,ALEUTIAN ISLANDS,CUT CHRISTMAS TREES,X
2022,ARIZONA,MARICOPA,CUT CHRISTMAS TREES,X
2022,ARKANSAS,FAULKNER,CUT CHRISTMAS TREES,X
2022,ARKANSAS,GRANT,CUT CHRISTMAS TREES,X
2022,ARKANSAS,HOT SPRING,CUT CHRISTMAS TREES,X
2022,ARKANSAS,PULASKI,CUT CHRISTMAS TREES,X
2022,ARKANSAS,SALINE,CUT CHRISTMAS TREES,X
2022,ARKANSAS,SAINT FRANCIS,CUT CHRISTMAS TREES,X
2022,ARKANSAS,FULTON,CUT CHRISTMAS TREES,X
2022,ARKANSAS,CRAIGHEAD,CUT CHRISTMAS TREES,X
2022,ARKANSAS,INDEPENDENCE,CUT CHRISTMAS TREES,X
2022,ARKANSAS,BENTON,CUT CHRISTMAS TREES,X
2022,ARKANSAS,BOONE,CUT CHRISTMAS TREES,X
2022,ARKANSAS,CRAWFORD,CUT CHRISTMAS TREES,X
2022,ARKANSAS,FRANKLIN,CUT CHRISTMAS TREES,X
2022,CALIFORNIA,ALAMEDA,CUT CHRISTMAS TREES,X
2022,CALIFORNIA,SAN BENITO,CUT CHRISTMAS TREES,X
2022,CALIFORNIA,PLUMAS,CUT CHRISTMAS TREES,X
2022,CALIFORNIA,SOLANO,CUT CHRISTMAS TREES,X
2022,CALIFORNIA,YOLO,CUT CHRISTMAS TREES,X
2022,CALIFORNIA,FRESNO,CUT CHRISTMAS TREES,X
2022,CALIFORNIA,CALAVERAS,CUT CHRISTMAS TREES,X
2022,CALIFORNIA,SIERRA,CUT CHRISTMAS TREES,X
2022,CALIFORNIA,TUOLUMNE,CUT CHRISTMAS TREES,X
2022,CALIFORNIA,SISKIYOU,CUT CHRISTMAS TREES,X
2022,CALIFORNIA,ORANGE,CUT CHRISTMAS TREES,X
2022,CALIFORNIA,SAN BERNARDINO,CUT CHRISTMAS TREES,X
2022,CALIFORNIA,SANTA BARBARA,CUT CHRISTMAS TREES,X
2022,CALIFORNIA,VENTURA,CUT CHRISTMAS TREES,X
2022,COLORADO,PHILLIPS,CUT CHRISTMAS TREES,X
2022,COLORADO,WELD,CUT CHRISTMAS TREES,X
2022,COLORADO,JACKSON,CUT CHRISTMAS TREES,X
2022,COLORADO,TELLER,CUT CHRISTMAS TREES,X
2022,COLORADO,HUERFANO,CUT CHRISTMAS TREES,X
2022,COLORADO,LAS ANIMAS,CUT CHRISTMAS TREES,X
2022,COLORADO,ARCHULETA,CUT CHRISTMAS TREES,X
2022,COLORADO,GARFIELD,CUT CHRISTMAS TREES,X
2022,COLORADO,MONTEZUMA,CUT CHRISTMAS TREES,X
2022,FLORIDA,BRADFORD,CUT CHRISTMAS TREES,X
2022,FLORIDA,CLAY,CUT CHRISTMAS TREES,X
2022,FLORIDA,HERNANDO,CUT CHRISTMAS TREES,X
2022,FLORIDA,LAKE,CUT CHRISTMAS TREES,X
2022,FLORIDA,SEMINOLE,CUT CHRISTMAS TREES,X
2022,FLORIDA,VOLUSIA,CUT CHRISTMAS TREES,X
2022,FLORIDA,BAKER,CUT CHRISTMAS TREES,X
2022,FLORIDA,GADSDEN,CUT CHRISTMAS TREES,X
2022,FLORIDA,JACKSON,CUT CHRISTMAS TREES,X
2022,FLORIDA,LEON,CUT CHRISTMAS TREES,X
2022,FLORIDA,DE SOTO,CUT CHRISTMAS TREES,X
2022,GEORGIA,BUTTS,CUT CHRISTMAS TREES,X
2022,GEORGIA,HOUSTON,CUT CHRISTMAS TREES,X
2022,GEORGIA,MORGAN,CUT CHRISTMAS TREES,X
2022,GEORGIA,BULLOCH,CUT CHRISTMAS TREES,X
2022,GEORGIA,BURKE,CUT CHRISTMAS TREES,X
2022,GEORGIA,RICHMOND,CUT CHRISTMAS TREES,X
2022,GEORGIA,SCREVEN,CUT CHRISTMAS TREES,X
2022,GEORGIA,CHEROKEE,CUT CHRISTMAS TREES,X
2022,GEORGIA,FANNIN,CUT CHRISTMAS TREES,X
2022,GEORGIA,HALL,CUT CHRISTMAS TREES,X
2022,GEORGIA,OCONEE,CUT CHRISTMAS TREES,X
2022,GEORGIA,PICKENS,CUT CHRISTMAS TREES,X
2022,GEORGIA,HART,CUT CHRISTMAS TREES,X
2022,GEORGIA,RABUN,CUT CHRISTMAS TREES,X
2022,GEORGIA,PAULDING,CUT CHRISTMAS TREES,X
2022,GEORGIA,APPLING,CUT CHRISTMAS TREES,X
2022,GEORGIA,WAYNE,CUT CHRISTMAS TREES,X
2022,GEORGIA,QUITMAN,CUT CHRISTMAS TREES,X
2022,GEORGIA,CARROLL,CUT CHRISTMAS TREES,X
2022,GEORGIA,SCHLEY,CUT CHRISTMAS TREES,X
2022,GEORGIA,TROUP,CUT CHRISTMAS TREES,X
2022,GEORGIA,UPSON,CUT CHRISTMAS TREES,X
2022,HAWAII,HAWAII,CUT CHRISTMAS TREES,X
2022,HAWAII,KAUAI,CUT CHRISTMAS TREES,X
2022,IDAHO,BANNOCK,CUT CHRISTMAS TREES,X
2022,IDAHO,BONNER,CUT CHRISTMAS TREES,X
2022,IDAHO,LATAH,CUT CHRISTMAS TREES,X
2022,IDAHO,OWYHEE,CUT CHRISTMAS TREES,X
2022,ILLINOIS,DE WITT,CUT CHRISTMAS TREES,X
2022,ILLINOIS,LOGAN,CUT CHRISTMAS TREES,X
2022,ILLINOIS,MACON,CUT CHRISTMAS TREES,X
2022,ILLINOIS,MARSHALL,CUT CHRISTMAS TREES,X
2022,ILLINOIS,MCLEAN,CUT CHRISTMAS TREES,X
2022,ILLINOIS,STARK,CUT CHRISTMAS TREES,X
2022,ILLINOIS,TAZEWELL,CUT CHRISTMAS TREES,X
2022,ILLINOIS,CHAMPAIGN,CUT CHRISTMAS TREES,X
2022,ILLINOIS,FORD,CUT CHRISTMAS TREES,X
2022,ILLINOIS,KANKAKEE,CUT CHRISTMAS TREES,X
2022,ILLINOIS,VERMILION,CUT CHRISTMAS TREES,X
2022,ILLINOIS,COLES,CUT CHRISTMAS TREES,X
2022,ILLINOIS,CUMBERLAND,CUT CHRISTMAS TREES,X
2022,ILLINOIS,EFFINGHAM,CUT CHRISTMAS TREES,X
2022,ILLINOIS,MOULTRIE,CUT CHRISTMAS TREES,X
2022,ILLINOIS,SHELBY,CUT CHRISTMAS TREES,X
2022,ILLINOIS,COOK,CUT CHRISTMAS TREES,X
2022,ILLINOIS,KANE,CUT CHRISTMAS TREES,X
2022,ILLINOIS,KENDALL,CUT CHRISTMAS TREES,X
2022,ILLINOIS,LAKE,CUT CHRISTMAS TREES,X
2022,ILLINOIS,WILL,CUT CHRISTMAS TREES,X
2022,ILLINOIS,HENRY,CUT CHRISTMAS TREES,X
2022,ILLINOIS,LEE,CUT CHRISTMAS TREES,X
2022,ILLINOIS,MERCER,CUT CHRISTMAS TREES,X
2022,ILLINOIS,STEPHENSON,CUT CHRISTMAS TREES,X
2022,ILLINOIS,EDWARDS,CUT CHRISTMAS TREES,X
2022,ILLINOIS,JEFFERSON,CUT CHRISTMAS TREES,X
2022,ILLINOIS,UNION,CUT CHRISTMAS TREES,X
2022,ILLINOIS,WILLIAMSON,CUT CHRISTMAS TREES,X
2022,ILLINOIS,ADAMS,CUT CHRISTMAS TREES,X
2022,ILLINOIS,HANCOCK,CUT CHRISTMAS TREES,X
2022,ILLINOIS,KNOX,CUT CHRISTMAS TREES,X
2022,ILLINOIS,CASS,CUT CHRISTMAS TREES,X
2022,ILLINOIS,CHRISTIAN,CUT CHRISTMAS TREES,X
2022,ILLINOIS,MADISON,CUT CHRISTMAS TREES,X
2022,ILLINOIS,PIKE,CUT CHRISTMAS TREES,X
2022,INDIANA,BOONE,CUT CHRISTMAS TREES,X
2022,INDIANA,CLINTON,CUT CHRISTMAS TREES,X
2022,INDIANA,DECATUR,CUT CHRISTMAS TREES,X
2022,INDIANA,HAMILTON,CUT CHRISTMAS TREES,X
2022,INDIANA,HANCOCK,CUT CHRISTMAS TREES,X
2022,INDIANA,HENDRICKS,CUT CHRISTMAS TREES,X
2022,INDIANA,HOWARD,CUT CHRISTMAS TREES,X
2022,INDIANA,JOHNSON,CUT CHRISTMAS TREES,X
2022,INDIANA,MORGAN,CUT CHRISTMAS TREES,X
2022,INDIANA,RUSH,CUT CHRISTMAS TREES,X
2022,INDIANA,SHELBY,CUT CHRISTMAS TREES,X
2022,INDIANA,FAYETTE,CUT CHRISTMAS TREES,X
2022,INDIANA,HENRY,CUT CHRISTMAS TREES,X
2022,INDIANA,RANDOLPH,CUT CHRISTMAS TREES,X
2022,INDIANA,CASS,CUT CHRISTMAS TREES,X
2022,INDIANA,ELKHART,CUT CHRISTMAS TREES,X
2022,INDIANA,ST. JOSEPH,CUT CHRISTMAS TREES,X
2022,INDIANA,NOBLE,CUT CHRISTMAS TREES,X
2022,INDIANA,STEUBEN,CUT CHRISTMAS TREES,X
2022,INDIANA,JASPER,CUT CHRISTMAS TREES,X
2022,INDIANA,STARKE,CUT CHRISTMAS TREES,X
2022,INDIANA,WHITE,CUT CHRISTMAS TREES,X
2022,INDIANA,BROWN,CUT CHRISTMAS TREES,X
2022,INDIANA,CRAWFORD,CUT CHRISTMAS TREES,X
2022,INDIANA,MONROE,CUT CHRISTMAS TREES,X
2022,INDIANA,CLARK,CUT CHRISTMAS TREES,X
2022,INDIANA,RIPLEY,CUT CHRISTMAS TREES,X
2022,INDIANA,GREENE,CUT CHRISTMAS TREES,X
2022,INDIANA,PIKE,CUT CHRISTMAS TREES,X
2022,INDIANA,WARREN,CUT CHRISTMAS TREES,X
2022,IOWA,BOONE,CUT CHRISTMAS TREES,X
2022,IOWA,DALLAS,CUT CHRISTMAS TREES,X
2022,IOWA,GRUNDY,CUT CHRISTMAS TREES,X
2022,IOWA,MARSHALL,CUT CHRISTMAS TREES,X
2022,IOWA,POLK,CUT CHRISTMAS TREES,X
2022,IOWA,POWESHIEK,CUT CHRISTMAS TREES,X
2022,IOWA,STORY,CUT CHRISTMAS TREES,X
2022,IOWA,TAMA,CUT CHRISTMAS TREES,X
2022,IOWA,CEDAR,CUT CHRISTMAS TREES,X
2022,IOWA,CLINTON,CUT CHRISTMAS TREES,X
2022,IOWA,IOWA,CUT CHRISTMAS TREES,X
2022,IOWA,JACKSON,CUT CHRISTMAS TREES,X
2022,IOWA,JOHNSON,CUT CHRISTMAS TREES,X
2022,IOWA,BUTLER,CUT CHRISTMAS TREES,X
2022,IOWA,CERRO GORDO,CUT CHRISTMAS TREES,X
2022,IOWA,FRANKLIN,CUT CHRISTMAS TREES,X
2022,IOWA,KOSSUTH,CUT CHRISTMAS TREES,X
2022,IOWA,MITCHELL,CUT CHRISTMAS TREES,X
2022,IOWA,WINNEBAGO,CUT CHRISTMAS TREES,X
2022,IOWA,WORTH,CUT CHRISTMAS TREES,X
2022,IOWA,WRIGHT,CUT CHRISTMAS TREES,X
2022,IOWA,BLACK HAWK,CUT CHRISTMAS TREES,X
2022,IOWA,BREMER,CUT CHRISTMAS TREES,X
2022,IOWA,CLAYTON,CUT CHRISTMAS TREES,X
2022,IOWA,DELAWARE,CUT CHRISTMAS TREES,X
2022,IOWA,FAYETTE,CUT CHRISTMAS TREES,X
2022,IOWA,LYON,CUT CHRISTMAS TREES,X
2022,IOWA,DECATUR,CUT CHRISTMAS TREES,X
2022,IOWA,LUCAS,CUT CHRISTMAS TREES,X
2022,IOWA,MADISON,CUT CHRISTMAS TREES,X
2022,IOWA,MONROE,CUT CHRISTMAS TREES,X
2022,IOWA,WARREN,CUT CHRISTMAS TREES,X
2022,IOWA,DES MOINES,CUT CHRISTMAS TREES,X
2022,IOWA,LEE,CUT CHRISTMAS TREES,X
2022,IOWA,MAHASKA,CUT CHRISTMAS TREES,X
2022,IOWA,VAN BUREN,CUT CHRISTMAS TREES,X
2022,IOWA,WASHINGTON,CUT CHRISTMAS TREES,X
2022,IOWA,ADAIR,CUT CHRISTMAS TREES,X
2022,IOWA,ADAMS,CUT CHRISTMAS TREES,X
2022,IOWA,POTTAWATTAMIE,CUT CHRISTMAS TREES,X
2022,IOWA,AUDUBON,CUT CHRISTMAS TREES,X
2022,IOWA,CARROLL,CUT CHRISTMAS TREES,X
2022,IOWA,GREENE,CUT CHRISTMAS TREES,X
2022,KANSAS,DOUGLAS,CUT CHRISTMAS TREES,X
2022,KANSAS,WABAUNSEE,CUT CHRISTMAS TREES,X
2022,KANSAS,KINGMAN,CUT CHRISTMAS TREES,X
2022,KANSAS,KIOWA,CUT CHRISTMAS TREES,X
2022,KANSAS,STAFFORD,CUT CHRISTMAS TREES,X
2022,KENTUCKY,CLARK,CUT CHRISTMAS TREES,X
2022,KENTUCKY,FAYETTE,CUT CHRISTMAS TREES,X
2022,KENTUCKY,FLEMING,CUT CHRISTMAS TREES,X
2022,KENTUCKY,GARRARD,CUT CHRISTMAS TREES,X
2022,KENTUCKY,MADISON,CUT CHRISTMAS TREES,X
2022,KENTUCKY,MERCER,CUT CHRISTMAS TREES,X
2022,KENTUCKY,WASHINGTON,CUT CHRISTMAS TREES,X
2022,KENTUCKY,BARREN,CUT CHRISTMAS TREES,X
2022,KENTUCKY,MEADE,CUT CHRISTMAS TREES,X
2022,KENTUCKY,TAYLOR,CUT CHRISTMAS TREES,X
2022,KENTUCKY,WARREN,CUT CHRISTMAS TREES,X
2022,KENTUCKY,ESTILL,CUT CHRISTMAS TREES,X
2022,KENTUCKY,KNOX,CUT CHRISTMAS TREES,X
2022,KENTUCKY,LAUREL,CUT CHRISTMAS TREES,X
2022,KENTUCKY,MENIFEE,CUT CHRISTMAS TREES,X
2022,KENTUCKY,DAVIESS,CUT CHRISTMAS TREES,X
2022,KENTUCKY,LOGAN,CUT CHRISTMAS TREES,X
2022,KENTUCKY,BOONE,CUT CHRISTMAS TREES,X
2022,KENTUCKY,CARROLL,CUT CHRISTMAS TREES,X
2022,KENTUCKY,OLDHAM,CUT CHRISTMAS TREES,X
2022,LOUISIANA,GRANT,CUT CHRISTMAS TREES,X
2022,LOUISIANA,WEST BATON ROUGE,CUT CHRISTMAS TREES,X
2022,LOUISIANA,EAST FELICIANA,CUT CHRISTMAS TREES,X
2022,LOUISIANA,LIVINGSTON,CUT CHRISTMAS TREES,X
2022,LOUISIANA,SAINT TAMMANY,CUT CHRISTMAS TREES,X
2022,LOUISIANA,WASHINGTON,CUT CHRISTMAS TREES,X
2022,LOUISIANA,OUACHITA,CUT CHRISTMAS TREES,X
2022,LOUISIANA,RICHLAND,CUT CHRISTMAS TREES,X
2022,LOUISIANA,WEBSTER,CUT CHRISTMAS TREES,X
2022,LOUISIANA,LAFAYETTE,CUT CHRISTMAS TREES,X
2022,LOUISIANA,ALLEN,CUT CHRISTMAS TREES,X
2022,MAINE,WASHINGTON,CUT CHRISTMAS TREES,X
2022,MAINE,KNOX,CUT CHRISTMAS TREES,X
2022,MARYLAND,DORCHESTER,CUT CHRISTMAS TREES,X
2022,MARYLAND,WICOMICO,CUT CHRISTMAS TREES,X
2022,MARYLAND,HOWARD,CUT CHRISTMAS TREES,X
2022,MARYLAND,MONTGOMERY,CUT CHRISTMAS TREES,X
2022,MARYLAND,CALVERT,CUT CHRISTMAS TREES,X
2022,MARYLAND,CHARLES,CUT CHRISTMAS TREES,X
2022,MARYLAND,PRINCE GEORGES,CUT CHRISTMAS TREES,X
2022,MICHIGAN,MECOSTA,CUT CHRISTMAS TREES,X
2022,MICHIGAN,MONTCALM,CUT CHRISTMAS TREES,X
2022,MICHIGAN,OSCEOLA,CUT CHRISTMAS TREES,X
2022,MICHIGAN,BAY,CUT CHRISTMAS TREES,X
2022,MICHIGAN,HURON,CUT CHRISTMAS TREES,X
2022,MICHIGAN,ALCONA,CUT CHRISTMAS TREES,X
2022,MICHIGAN,IOSCO,CUT CHRISTMAS TREES,X
2022,MICHIGAN,BENZIE,CUT CHRISTMAS TREES,X
2022,MICHIGAN,CHARLEVOIX,CUT CHRISTMAS TREES,X
2022,MICHIGAN,HILLSDALE,CUT CHRISTMAS TREES,X
2022,MICHIGAN,ST JOSEPH,CUT CHRISTMAS TREES,X
2022,MICHIGAN,MACOMB,CUT CHRISTMAS TREES,X
2022,MICHIGAN,WAYNE,CUT CHRISTMAS TREES,X
2022,MICHIGAN,ALLEGAN,CUT CHRISTMAS TREES,X
2022,MICHIGAN,BERRIEN,CUT CHRISTMAS TREES,X
2022,MICHIGAN,CASS,CUT CHRISTMAS TREES,X
2022,MICHIGAN,VAN BUREN,CUT CHRISTMAS TREES,X
2022,MICHIGAN,ALGER,CUT CHRISTMAS TREES,X
2022,MICHIGAN,DICKINSON,CUT CHRISTMAS TREES,X
2022,MICHIGAN,HOUGHTON,CUT CHRISTMAS TREES,X
2022,MICHIGAN,MACKINAC,CUT CHRISTMAS TREES,X
2022,MICHIGAN,MARQUETTE,CUT CHRISTMAS TREES,X
2022,MICHIGAN,ONTONAGON,CUT CHRISTMAS TREES,X
2022,MICHIGAN,LAKE,CUT CHRISTMAS TREES,X
2022,MINNESOTA,BENTON,CUT CHRISTMAS TREES,X
2022,MINNESOTA,KANDIYOHI,CUT CHRISTMAS TREES,X
2022,MINNESOTA,MCLEOD,CUT CHRISTMAS TREES,X
2022,MINNESOTA,MEEKER,CUT CHRISTMAS TREES,X
2022,MINNESOTA,TODD,CUT CHRISTMAS TREES,X
2022,MINNESOTA,AITKIN,CUT CHRISTMAS TREES,X
2022,MINNESOTA,BELTRAMI,CUT CHRISTMAS TREES,X
2022,MINNESOTA,KOOCHICHING,CUT CHRISTMAS TREES,X
2022,MINNESOTA,LAKE OF THE WOODS,CUT CHRISTMAS TREES,X
2022,MINNESOTA,BECKER,CUT CHRISTMAS TREES,X
2022,MINNESOTA,BLUE EARTH,CUT CHRISTMAS TREES,X
2022,MINNESOTA,LE SUEUR,CUT CHRISTMAS TREES,X
2022,MINNESOTA,MARTIN,CUT CHRISTMAS TREES,X
2022,MINNESOTA,FILLMORE,CUT CHRISTMAS TREES,X
2022,MINNESOTA,REDWOOD,CUT CHRISTMAS TREES,X
2022,MINNESOTA,DOUGLAS,CUT CHRISTMAS TREES,X
2022,MISSISSIPPI,LEAKE,CUT CHRISTMAS TREES,X
2022,MISSISSIPPI,DE SOTO,CUT CHRISTMAS TREES,X
2022,MISSISSIPPI,ALCORN,CUT CHRISTMAS TREES,X
2022,MISSISSIPPI,LAMAR,CUT CHRISTMAS TREES,X
2022,MISSISSIPPI,HARRISON,CUT CHRISTMAS TREES,X
2022,MISSISSIPPI,PEARL RIVER,CUT CHRISTMAS TREES,X
2022,MISSISSIPPI,HINDS,CUT CHRISTMAS TREES,X
2022,MISSOURI,COOPER,CUT CHRISTMAS TREES,X
2022,MISSOURI,LACLEDE,CUT CHRISTMAS TREES,X
2022,MISSOURI,OSAGE,CUT CHRISTMAS TREES,X
2022,MISSOURI,PETTIS,CUT CHRISTMAS TREES,X
2022,MISSOURI,SALINE,CUT CHRISTMAS TREES,X
2022,MISSOURI,FRANKLIN,CUT CHRISTMAS TREES,X
2022,MISSOURI,JEFFERSON,CUT CHRISTMAS TREES,X
2022,MISSOURI,LINCOLN,CUT CHRISTMAS TREES,X
2022,MISSOURI,ST CHARLES,CUT CHRISTMAS TREES,X
2022,MISSOURI,ST LOUIS,CUT CHRISTMAS TREES,X
2022,MISSOURI,LINN,CUT CHRISTMAS TREES,X
2022,MISSOURI,MACON,CUT CHRISTMAS TREES,X
2022,MISSOURI,SCHUYLER,CUT CHRISTMAS TREES,X
2022,MISSOURI,MARION,CUT CHRISTMAS TREES,X
2022,MISSOURI,MONROE,CUT CHRISTMAS TREES,X
2022,MISSOURI,RALLS,CUT CHRISTMAS TREES,X
2022,MISSOURI,ANDREW,CUT CHRISTMAS TREES,X
2022,MISSOURI,CLAY,CUT CHRISTMAS TREES,X
2022,MISSOURI,CLINTON,CUT CHRISTMAS TREES,X
2022,MISSOURI,GENTRY,CUT CHRISTMAS TREES,X
2022,MISSOURI,NODAWAY,CUT CHRISTMAS TREES,X
2022,MISSOURI,PLATTE,CUT CHRISTMAS TREES,X
2022,MISSOURI,WEBSTER,CUT CHRISTMAS TREES,X
2022,MISSOURI,WRIGHT,CUT CHRISTMAS TREES,X
2022,MISSOURI,CAPE GIRARDEAU,CUT CHRISTMAS TREES,X
2022,MISSOURI,CHRISTIAN,CUT CHRISTMAS TREES,X
2022,MISSOURI,LAWRENCE,CUT CHRISTMAS TREES,X
2022,MISSOURI,MCDONALD,CUT CHRISTMAS TREES,X
2022,MISSOURI,JOHNSON,CUT CHRISTMAS TREES,X
2022,MONTANA,FERGUS,CUT CHRISTMAS TREES,X
2022,MONTANA,LAKE,CUT CHRISTMAS TREES,X
2022,MONTANA,LINCOLN,CUT CHRISTMAS TREES,X
2022,MONTANA,MINERAL,CUT CHRISTMAS TREES,X
2022,MONTANA,MISSOULA,CUT CHRISTMAS TREES,X
2022,MONTANA,RAVALLI,CUT CHRISTMAS TREES,X
2022,MONTANA,MADISON,CUT CHRISTMAS TREES,X
2022,NEBRASKA,BUTLER,CUT CHRISTMAS TREES,X
2022,NEBRASKA,DOUGLAS,CUT CHRISTMAS TREES,X
2022,NEBRASKA,PLATTE,CUT CHRISTMAS TREES,X
2022,NEBRASKA,ANTELOPE,CUT CHRISTMAS TREES,X
2022,NEBRASKA,MADISON,CUT CHRISTMAS TREES,X
2022,NEBRASKA,GAGE,CUT CHRISTMAS TREES,X
2022,NEBRASKA,SALINE,CUT CHRISTMAS TREES,X
2022,NEVADA,DOUGLAS,CUT CHRISTMAS TREES,X
2022,NEVADA,NYE,CUT CHRISTMAS TREES,X
2022,NEW JERSEY,BERGEN,CUT CHRISTMAS TREES,X
2022,NEW JERSEY,PASSAIC,CUT CHRISTMAS TREES,X
2022,NEW MEXICO,SAN MIGUEL,CUT CHRISTMAS TREES,X
2022,NEW MEXICO,SAN JUAN,CUT CHRISTMAS TREES,X
2022,NEW MEXICO,SANDOVAL,CUT CHRISTMAS TREES,X
2022,NEW MEXICO,OTERO,CUT CHRISTMAS TREES,X
2022,NEW MEXICO,HIDALGO,CUT CHRISTMAS TREES,X
2022,NEW YORK,MONTGOMERY,CUT CHRISTMAS TREES,X
2022,NEW YORK,SCHENECTADY,CUT CHRISTMAS TREES,X
2022,NEW YORK,SENECA,CUT CHRISTMAS TREES,X
2022,NEW YORK,YATES,CUT CHRISTMAS TREES,X
2022,NORTH CAROLINA,BEAUFORT,CUT CHRISTMAS TREES,X
2022,NORTH CAROLINA,LENOIR,CUT CHRISTMAS TREES,X
2022,NORTH CAROLINA,CHATHAM,CUT CHRISTMAS TREES,X
2022,NORTH CAROLINA,DAVIDSON,CUT CHRISTMAS TREES,X
2022,NORTH CAROLINA,LEE,CUT CHRISTMAS TREES,X
2022,NORTH CAROLINA,ROWAN,CUT CHRISTMAS TREES,X
2022,NORTH CAROLINA,SURRY,CUT CHRISTMAS TREES,X
2022,NORTH CAROLINA,FORSYTH,CUT CHRISTMAS TREES,X
2022,NORTH CAROLINA,GUILFORD,CUT CHRISTMAS TREES,X
2022,NORTH CAROLINA,BUNCOMBE,CUT CHRISTMAS TREES,X
2022,NORTH CAROLINA,HENDERSON,CUT CHRISTMAS TREES,X
2022,NORTH DAKOTA,STEELE,CUT CHRISTMAS TREES,X
2022,NORTH DAKOTA,BOTTINEAU,CUT CHRISTMAS TREES,X
2022,NORTH DAKOTA,PEMBINA,CUT CHRISTMAS TREES,X
2022,NORTH DAKOTA,BURLEIGH,CUT CHRISTMAS TREES,X
2022,NORTH DAKOTA,MCLEAN,CUT CHRISTMAS TREES,X
2022,OHIO,MARION,CUT CHRISTMAS TREES,X
2022,OHIO,BELMONT,CUT CHRISTMAS TREES,X
2022,OHIO,HARRISON,CUT CHRISTMAS TREES,X
2022,OHIO,HOLMES,CUT CHRISTMAS TREES,X
2022,OHIO,CRAWFORD,CUT CHRISTMAS TREES,X
2022,OHIO,ERIE,CUT CHRISTMAS TREES,X
2022,OHIO,OTTAWA,CUT CHRISTMAS TREES,X
2022,OHIO,SANDUSKY,CUT CHRISTMAS TREES,X
2022,OHIO,WYANDOT,CUT CHRISTMAS TREES,X
2022,OHIO,DEFIANCE,CUT CHRISTMAS TREES,X
2022,OHIO,FULTON,CUT CHRISTMAS TREES,X
2022,OHIO,HANCOCK,CUT CHRISTMAS TREES,X
2022,OHIO,LUCAS,CUT CHRISTMAS TREES,X
2022,OHIO,PUTNAM,CUT CHRISTMAS TREES,X
2022,OHIO,WOOD,CUT CHRISTMAS TREES,X
2022,OHIO,ADAMS,CUT CHRISTMAS TREES,X
2022,OHIO,HIGHLAND,CUT CHRISTMAS TREES,X
2022,OHIO,JACKSON,CUT CHRISTMAS TREES,X
2022,OHIO,LAWRENCE,CUT CHRISTMAS TREES,X
2022,OHIO,PIKE,CUT CHRISTMAS TREES,X
2022,OHIO,HOCKING,CUT CHRISTMAS TREES,X
2022,OHIO,BUTLER,CUT CHRISTMAS TREES,X
2022,OHIO,CLERMONT,CUT CHRISTMAS TREES,X
2022,OHIO,CLINTON,CUT CHRISTMAS TREES,X
2022,OHIO,HAMILTON,CUT CHRISTMAS TREES,X
2022,OHIO,AUGLAIZE,CUT CHRISTMAS TREES,X
2022,OHIO,CHAMPAIGN,CUT CHRISTMAS TREES,X
2022,OHIO,HARDIN,CUT CHRISTMAS TREES,X
2022,OHIO,MERCER,CUT CHRISTMAS TREES,X
2022,OHIO,MIAMI,CUT CHRISTMAS TREES,X
2022,OKLAHOMA,CANADIAN,CUT CHRISTMAS TREES,X
2022,OKLAHOMA,CREEK,CUT CHRISTMAS TREES,X
2022,OKLAHOMA,GRADY,CUT CHRISTMAS TREES,X
2022,OKLAHOMA,KINGFISHER,CUT CHRISTMAS TREES,X
2022,OKLAHOMA,PAYNE,CUT CHRISTMAS TREES,X
2022,OKLAHOMA,CHEROKEE,CUT CHRISTMAS TREES,X
2022,OKLAHOMA,HUGHES,CUT CHRISTMAS TREES,X
2022,OKLAHOMA,MUSKOGEE,CUT CHRISTMAS TREES,X
2022,OKLAHOMA,TULSA,CUT CHRISTMAS TREES,X
2022,OKLAHOMA,WAGONER,CUT CHRISTMAS TREES,X
2022,OKLAHOMA,BRYAN,CUT CHRISTMAS TREES,X
2022,OKLAHOMA,LATIMER,CUT CHRISTMAS TREES,X
2022,OREGON,MORROW,CUT CHRISTMAS TREES,X
2022,OREGON,WASCO,CUT CHRISTMAS TREES,X
2022,OREGON,UMATILLA,CUT CHRISTMAS TREES,X
2022,OREGON,WALLOWA,CUT CHRISTMAS TREES,X
2022,OREGON,LINCOLN,CUT CHRISTMAS TREES,X
2022,OREGON,GRANT,CUT CHRISTMAS TREES,X
2022,OREGON,CURRY,CUT CHRISTMAS TREES,X
2022,PENNSYLVANIA,BLAIR,CUT CHRISTMAS TREES,X
2022,PENNSYLVANIA,HUNTINGDON,CUT CHRISTMAS TREES,X
2022,PENNSYLVANIA,MIFFLIN,CUT CHRISTMAS TREES,X
2022,PENNSYLVANIA,UNION,CUT CHRISTMAS TREES,X
2022,PENNSYLVANIA,PIKE,CUT CHRISTMAS TREES,X
2022,PENNSYLVANIA,GREENE,CUT CHRISTMAS TREES,X
2022,PENNSYLVANIA,LAWRENCE,CUT CHRISTMAS TREES,X
2022,RHODE ISLAND,KENT,CUT CHRISTMAS TREES,X
2022,RHODE ISLAND,NEWPORT,CUT CHRISTMAS TREES,X
2022,SOUTH CAROLINA,LEE,CUT CHRISTMAS TREES,X
2022,SOUTH CAROLINA,HORRY,CUT CHRISTMAS TREES,X
2022,SOUTH CAROLINA,LAURENS,CUT CHRISTMAS TREES,X
2022,SOUTH CAROLINA,UNION,CUT CHRISTMAS TREES,X
2022,SOUTH CAROLINA,BARNWELL,CUT CHRISTMAS TREES,X
2022,SOUTH CAROLINA,BEAUFORT,CUT CHRISTMAS TREES,X
2022,SOUTH CAROLINA,COLLETON,CUT CHRISTMAS TREES,X
2022,SOUTH CAROLINA,HAMPTON,CUT CHRISTMAS TREES,X
2022,SOUTH CAROLINA,EDGEFIELD,CUT CHRISTMAS TREES,X
2022,SOUTH DAKOTA,SPINK,CUT CHRISTMAS TREES,X
2022,SOUTH DAKOTA,DEUEL,CUT CHRISTMAS TREES,X
2022,SOUTH DAKOTA,GRANT,CUT CHRISTMAS TREES,X
2022,SOUTH DAKOTA,LINCOLN,CUT CHRISTMAS TREES,X
2022,SOUTH DAKOTA,TURNER,CUT CHRISTMAS TREES,X
2022,SOUTH DAKOTA,YANKTON,CUT CHRISTMAS TREES,X
2022,TENNESSEE,DE KALB,CUT CHRISTMAS TREES,X
2022,TENNESSEE,GILES,CUT CHRISTMAS TREES,X
2022,TENNESSEE,MARSHALL,CUT CHRISTMAS TREES,X
2022,TENNESSEE,MAURY,CUT CHRISTMAS TREES,X
2022,TENNESSEE,RUTHERFORD,CUT CHRISTMAS TREES,X
2022,TENNESSEE,WILLIAMSON,CUT CHRISTMAS TREES,X
2022,TENNESSEE,WILSON,CUT CHRISTMAS TREES,X
2022,TENNESSEE,BLEDSOE,CUT CHRISTMAS TREES,X
2022,TENNESSEE,CUMBERLAND,CUT CHRISTMAS TREES,X
2022,TENNESSEE,FENTRESS,CUT CHRISTMAS TREES,X
2022,TENNESSEE,GRUNDY,CUT CHRISTMAS TREES,X
2022,TENNESSEE,MORGAN,CUT CHRISTMAS TREES,X
2022,TENNESSEE,VAN BUREN,CUT CHRISTMAS TREES,X
2022,TENNESSEE,DYER,CUT CHRISTMAS TREES,X
2022,TENNESSEE,ANDERSON,CUT CHRISTMAS TREES,X
2022,TENNESSEE,BLOUNT,CUT CHRISTMAS TREES,X
2022,TENNESSEE,CARTER,CUT CHRISTMAS TREES,X
2022,TENNESSEE,COCKE,CUT CHRISTMAS TREES,X
2022,TENNESSEE,GREENE,CUT CHRISTMAS TREES,X
2022,TENNESSEE,HAWKINS,CUT CHRISTMAS TREES,X
2022,TENNESSEE,JOHNSON,CUT CHRISTMAS TREES,X
2022,TENNESSEE,MONROE,CUT CHRISTMAS TREES,X
2022,TENNESSEE,POLK,CUT CHRISTMAS TREES,X
2022,TENNESSEE,ROANE,CUT CHRISTMAS TREES,X
2022,TENNESSEE,UNICOI,CUT CHRISTMAS TREES,X
2022,TENNESSEE,UNION,CUT CHRISTMAS TREES,X
2022,TENNESSEE,CHESTER,CUT CHRISTMAS TREES,X
2022,TENNESSEE,HARDEMAN,CUT CHRISTMAS TREES,X
2022,TENNESSEE,HARDIN,CUT CHRISTMAS TREES,X
2022,TENNESSEE,DICKSON,CUT CHRISTMAS TREES,X
2022,TENNESSEE,ROBERTSON,CUT CHRISTMAS TREES,X
2022,TEXAS,BOSQUE,CUT CHRISTMAS TREES,X
2022,TEXAS,COOKE,CUT CHRISTMAS TREES,X
2022,TEXAS,DALLAS,CUT CHRISTMAS TREES,X
2022,TEXAS,DENTON,CUT CHRISTMAS TREES,X
2022,TEXAS,FANNIN,CUT CHRISTMAS TREES,X
2022,TEXAS,GRAYSON,CUT CHRISTMAS TREES,X
2022,TEXAS,MONTAGUE,CUT CHRISTMAS TREES,X
2022,TEXAS,PALO PINTO,CUT CHRISTMAS TREES,X
2022,TEXAS,PARKER,CUT CHRISTMAS TREES,X
2022,TEXAS,GREGG,CUT CHRISTMAS TREES,X
2022,TEXAS,HOUSTON,CUT CHRISTMAS TREES,X
2022,TEXAS,MORRIS,CUT CHRISTMAS TREES,X
2022,TEXAS,PANOLA,CUT CHRISTMAS TREES,X
2022,TEXAS,RUSK,CUT CHRISTMAS TREES,X
2022,TEXAS,SHELBY,CUT CHRISTMAS TREES,X
2022,TEXAS,SMITH,CUT CHRISTMAS TREES,X
2022,TEXAS,WOOD,CUT CHRISTMAS TREES,X
2022,TEXAS,ANGELINA,CUT CHRISTMAS TREES,X
2022,TEXAS,BRAZOS,CUT CHRISTMAS TREES,X
2022,TEXAS,LEON,CUT CHRISTMAS TREES,X
2022,TEXAS,MONTGOMERY,CUT CHRISTMAS TREES,X
2022,TEXAS,ROBERTSON,CUT CHRISTMAS TREES,X
2022,TEXAS,WALLER,CUT CHRISTMAS TREES,X
2022,TEXAS,BANDERA,CUT CHRISTMAS TREES,X
2022,TEXAS,LAMPASAS,CUT CHRISTMAS TREES,X
2022,TEXAS,HIDALGO,CUT CHRISTMAS TREES,X
2022,TEXAS,BASTROP,CUT CHRISTMAS TREES,X
2022,TEXAS,GONZALES,CUT CHRISTMAS TREES,X
2022,TEXAS,GUADALUPE,CUT CHRISTMAS TREES,X
2022,TEXAS,LEE,CUT CHRISTMAS TREES,X
2022,TEXAS,MEDINA,CUT CHRISTMAS TREES,X
2022,TEXAS,TRAVIS,CUT CHRISTMAS TREES,X
2022,TEXAS,DUVAL,CUT CHRISTMAS TREES,X
2022,TEXAS,BRAZORIA,CUT CHRISTMAS TREES,X
2022,TEXAS,HARRIS,CUT CHRISTMAS TREES,X
2022,TEXAS,LIBERTY,CUT CHRISTMAS TREES,X
2022,UTAH,UTAH,CUT CHRISTMAS TREES,X
2022,UTAH,SUMMIT,CUT CHRISTMAS TREES,X
2022,UTAH,UINTAH,CUT CHRISTMAS TREES,X
2022,UTAH,BOX ELDER,CUT CHRISTMAS TREES,X
2022,UTAH,DAVIS,CUT CHRISTMAS TREES,X
2022,UTAH,WEBER,CUT CHRISTMAS TREES,X
2022,UTAH,WASHINGTON,CUT CHRISTMAS TREES,X
2022,VIRGINIA,AMELIA,CUT CHRISTMAS TREES,X
2022,VIRGINIA,APPOMATTOX,CUT CHRISTMAS TREES,X
2022,VIRGINIA,GREENE,CUT CHRISTMAS TREES,X
2022,VIRGINIA,HANOVER,CUT CHRISTMAS TREES,X
2022,VIRGINIA,HENRICO,CUT CHRISTMAS TREES,X
2022,VIRGINIA,ORANGE,CUT CHRISTMAS TREES,X
2022,VIRGINIA,PRINCE EDWARD,CUT CHRISTMAS TREES,X
2022,VIRGINIA,JAMES CITY,CUT CHRISTMAS TREES,X
2022,VIRGINIA,MIDDLESEX,CUT CHRISTMAS TREES,X
2022,VIRGINIA,WARREN,CUT CHRISTMAS TREES,X
2022,VIRGINIA,DINWIDDIE,CUT CHRISTMAS TREES,X
2022,VIRGINIA,SUFFOLK CITY,CUT CHRISTMAS TREES,X
2022,VIRGINIA,VIRGINIA BEACH CITY,CUT CHRISTMAS TREES,X
2022,VIRGINIA,FRANKLIN,CUT CHRISTMAS TREES,X
2022,VIRGINIA,NOTTOWAY,CUT CHRISTMAS TREES,X
2022,VIRGINIA,MONTGOMERY,CUT CHRISTMAS TREES,X
2022,VIRGINIA,PULASKI,CUT CHRISTMAS TREES,X
2022,VIRGINIA,SCOTT,CUT CHRISTMAS TREES,X
2022,VIRGINIA,WYTHE,CUT CHRISTMAS TREES,X
2022,VIRGINIA,ALLEGHANY,CUT CHRISTMAS TREES,X
2022,WASHINGTON,CHELAN,CUT CHRISTMAS TREES,X
2022,WASHINGTON,YAKIMA,CUT CHRISTMAS TREES,X
2022,WASHINGTON,GRANT,CUT CHRISTMAS TREES,X
2022,WASHINGTON,PEND OREILLE,CUT CHRISTMAS TREES,X
2022,WASHINGTON,STEVENS,CUT CHRISTMAS TREES,X
2022,WASHINGTON,PACIFIC,CUT CHRISTMAS TREES,X
2022,WASHINGTON,PIERCE,CUT CHRISTMAS TREES,X
2022,WEST VIRGINIA,GRANT,CUT CHRISTMAS TREES,X
2022,WEST VIRGINIA,GREENBRIER,CUT CHRISTMAS TREES,X
2022,WEST VIRGINIA,MONROE,CUT CHRISTMAS TREES,X
2022,WEST VIRGINIA,MORGAN,CUT CHRISTMAS TREES,X
2022,WEST VIRGINIA,RANDOLPH,CUT CHRISTMAS TREES,X
2022,WEST VIRGINIA,BROOKE,CUT CHRISTMAS TREES,X
2022,WEST VIRGINIA,DODDRIDGE,CUT CHRISTMAS TREES,X
2022,WEST VIRGINIA,HARRISON,CUT CHRISTMAS TREES,X
2022,WEST VIRGINIA,LEWIS,CUT CHRISTMAS TREES,X
2022,WEST VIRGINIA,MARION,CUT CHRISTMAS TREES,X
2022,WEST VIRGINIA,PRESTON,CUT CHRISTMAS TREES,X
2022,WEST VIRGINIA,RITCHIE,CUT CHRISTMAS TREES,X
2022,WEST VIRGINIA,TYLER,CUT CHRISTMAS TREES,X
2022,WEST VIRGINIA,UPSHUR,CUT CHRISTMAS TREES,X
2022,WEST VIRGINIA,WETZEL,CUT CHRISTMAS TREES,X
2022,WEST VIRGINIA,BRAXTON,CUT CHRISTMAS TREES,X
2022,WEST VIRGINIA,CALHOUN,CUT CHRISTMAS TREES,X
2022,WEST VIRGINIA,CLAY,CUT CHRISTMAS TREES,X
2022,WEST VIRGINIA,FAYETTE,CUT CHRISTMAS TREES,X
2022,WEST VIRGINIA,GILMER,CUT CHRISTMAS TREES,X
2022,WEST VIRGINIA,KANAWHA,CUT CHRISTMAS TREES,X
2022,WEST VIRGINIA,MASON,CUT CHRISTMAS TREES,X
2022,WEST VIRGINIA,PUTNAM,CUT CHRISTMAS TREES,X
2022,WEST VIRGINIA,WEBSTER,CUT CHRISTMAS TREES,X
2022,WEST VIRGINIA,WIRT,CUT CHRISTMAS TREES,X
2022,WISCONSIN,GREEN LAKE,CUT CHRISTMAS TREES,X
2022,WISCONSIN,JUNEAU,CUT CHRISTMAS TREES,X
2022,WISCONSIN,CALUMET,CUT CHRISTMAS TREES,X
2022,WISCONSIN,MANITOWOC,CUT CHRISTMAS TREES,X
2022,WISCONSIN,WINNEBAGO,CUT CHRISTMAS TREES,X
2022,WISCONSIN,ONEIDA,CUT CHRISTMAS TREES,X
2022,WISCONSIN,FLORENCE,CUT CHRISTMAS TREES,X
2022,WISCONSIN,MARINETTE,CUT CHRISTMAS TREES,X
2022,WISCONSIN,BAYFIELD,CUT CHRISTMAS TREES,X
2022,WISCONSIN,DOUGLAS,CUT CHRISTMAS TREES,X
2022,WISCONSIN,DODGE,CUT CHRISTMAS TREES,X
2022,WISCONSIN,GREEN,CUT CHRISTMAS TREES,X
2022,WISCONSIN,GRANT,CUT CHRISTMAS TREES,X
2022,WISCONSIN,IOWA,CUT CHRISTMAS TREES,X
2022,WISCONSIN,BUFFALO,CUT CHRISTMAS TREES,X
2022,WISCONSIN,DUNN,CUT CHRISTMAS TREES,X
2022,WISCONSIN,PEPIN,CUT CHRISTMAS TREES,X
2022,WYOMING,NATRONA,CUT CHRISTMAS TREES,X
2022,WYOMING,LARAMIE,CUT CHRISTMAS TREES,X
